name,address,phone1,phone2,categories,lat,lon
"A Sight for Sport Eyes","671 Eagle Road, Chandler, AZ 85224",626-555-1234,,"food stamps",33.3272049,-111.77585650000003
"A Winestore On The Internet","185 Route 29, Gettysburg, PA 17325",,818-555-4321,"thrift stores",39.821014,-77.2339609
"AAA Watch Connection","485 Jefferson Street, Perkasie, PA 18944",626-555-1234,,"social security",40.36959239999999,-75.31017509999998
"ABC Dance","686 Schoolhouse Lane, Painesville, OH 44077",,818-555-4321,"financial aid",41.68389380000001,-81.22985299999999
"Abercrombie & Fich","597 Highland Drive, New Windsor, NY 12553",626-555-1234,,"funeral services",41.4883447,-74.22000650000001
"Aberdeen","870 Ridge Street, Baldwin, NY 11510",,818-555-4321,"medicare",40.6800095,-73.5691051
"Abracadabra Maternity Shop","119 Riverside Drive, Chillicothe, OH 45601",626-555-1234,,"thrift stores",39.3376638,-82.98003640000002
"ABSCO Fireplace & Patio","467 Roberts Road, Tuscaloosa, AL 35405",,818-555-4321,"thrift stores",32.8356599,-87.88936920000003
"AC Lens","905 Adams Street, Garfield, NJ 07026",626-555-1234,,"employment",40.889973,-74.16308700000002
"Acadia Wreath Co.","326 Laurel Lane, Muskogee, OK 74403",,818-555-4321,"shelters",35.669371,-95.26844369999998
"Ace Wigs","451 Park Street, Forney, TX 75126",626-555-1234,,"housing help",32.7453689,-96.46202640000001
"Acme Bros.","466 Eagle Street, East Brunswick, NJ 08816",,818-555-4321,"thrift stores",40.4516644,-74.41496189999998
"Acou-Stik","659 Queen Street, Syosset, NY 11791",626-555-1234,,"shelters",40.8250781,-73.50398640000003
"Act II Books and Puppets","784 Division Street, Stockbridge, GA 30281",,818-555-4321,"social security",33.5442781,-84.23380929999996
"Action Electronics","513 Canal Street, Campbell, CA 95008",626-555-1234,,"thrift stores",45.1275017,-66.83163109999998
"Action FigureXpress","589 Willow Avenue, Reynoldsburg, OH 43068",,818-555-4321,"social security",39.9461869,-82.75063940000001
"Activa Products","487 Canal Street, Owosso, MI 48867",626-555-1234,,"food stamps",42.9978049,-84.17663579999999
"Ad In Apparel","156 Clinton Street, Lake Zurich, IL 60047",,818-555-4321,"shelters",42.2040865,-87.97990240000001
"Advanced Battery Systems","217 York Road, Aliquippa, PA 15001",626-555-1234,,"food stamps",40.6663794,-80.31151539999996
"Advanced Furniture Outfitters","511 Parker Street, Middle Village, NY 11379",,818-555-4321,"employment",40.83811499999999,-73.850011
"Advantage Tube Services","663 Belmont Avenue, Troy, NY 12180",626-555-1234,,"medicare",42.6913273,-73.63957249999999
"Aeries Enterprises","724 Madison Avenue, Cottage Grove, MN 55016",,818-555-4321,"employment",44.7513248,-92.88026309999998
"AFE Cosmetics & Skincare","907 Clay Street, Deltona, FL 32725",626-555-1234,,"social security",28.8866699,-81.22065069999996
"AFW","337 Heritage Drive, Natick, MA 01760",,818-555-4321,"housing help",42.2921072,-71.35968839999998
"Agee's","81 Harrison Avenue, Easley, SC 29640",626-555-1234,,"thrift stores",34.7582457,-82.4958105
"Aggressive Skate & Snowboard","579 Maple Lane, Morganton, NC 28655",,818-555-4321,"shelters",35.7481927,-81.6713378
"Aitken & Niven","66 Beech Street, Waterbury, CT 06705",626-555-1234,,"medicare",41.56039,-73.02342799999997
"Alafia Publishing","158 West Street, Enterprise, AL 36330",,818-555-4321,"thrift stores",31.376295,-85.86896300000001
"Albuquerque Hydroponics And Lighting","342 Church Street, Sandusky, OH 44870",626-555-1234,,"medicare",41.4453595,-82.77245599999998
"Alden Shoes","515 Canterbury Court, Muskegon, MI 49441",,818-555-4321,"funeral services",43.1965868,-86.21024560000001
"Alden Shop","878 Williams Street, New Lenox, IL 60451",626-555-1234,,"financial aid",41.5069209,-87.95245640000002
"AlexBlake.com","712 Devon Court, Vincentown, NJ 08088",,818-555-4321,"funeral services",39.9319279,-74.74833710000001
"All About Books & Comics","249 Glenwood Drive, Hyde Park, MA 02136",626-555-1234,,"medicare",42.24491159999999,-71.12209289999998
"All Seasons Uniforms","608 Fawn Lane, Duarte, CA 91010",,818-555-4321,"employment",34.1394513,-117.9772873
"Alloy","462 Willow Drive, Brick, NJ 08723",626-555-1234,,"thrift stores",40.0949673,-74.10460760000001
"allstar","823 Cleveland Street, Goshen, IN 46526",,818-555-4321,"social security",41.6629527,-86.0676853
"Alltronics","502 Redwood Drive, Elgin, IL 60120",626-555-1234,,"employment",42.03528559999999,-88.2558525
"Alpha Industries","616 Washington Avenue, Bel Air, MD 21014",,818-555-4321,"medicare",39.5059649,-76.17691919999999
"Altivo","893 Queen Street, Methuen, MA 01844",626-555-1234,,"employment",42.7281355,-71.16374289999999
"Aman Software","279 Bridge Street, Sarasota, FL 34231",,818-555-4321,"housing help",27.365089,-82.48587800000001
"Amazon.com","890 Sheffield Drive, Cedar Rapids, IA 52402",626-555-1234,,"financial aid",42.0561905,-91.6434797
"AMDEX","312 Lexington Drive, Passaic, NJ 07055",,818-555-4321,"thrift stores",40.87238800000001,-74.12936300000001
"America Lens","611 Williams Street, Port Charlotte, FL 33952",626-555-1234,,"financial aid",26.928031,-82.05326639999998
"American Airless","825 East Avenue, East Meadow, NY 11554",,818-555-4321,"employment",40.7065061,-73.5494392
"American Dream","737 5th Avenue, Edison, NJ 08817",626-555-1234,,"shelters",40.5074043,-74.4280521
"American Fencers Supply Co.","197 13th Street, Carmel, NY 10512",,818-555-4321,"shelters",41.4300937,-73.68012970000001
"American Fireworks Company","998 B Street, Nashville, TN 37205",626-555-1234,,"medicare",36.1888505,-86.77315479999999
"American Flag & Banner Co.","311 Riverside Drive, Houston, TX 77016",,818-555-4321,"thrift stores",29.7163108,-95.37653260000002
"America's Florist","636 Buttonwood Drive, Erie, PA 16506",626-555-1234,,"employment",42.0591155,-80.15402259999996
"AmeriLens.com","666 King Street, Rockaway, NJ 07866",,818-555-4321,"thrift stores",40.90523,-74.527718
"Ames Walker International Inc.","808 Vine Street, Casselberry, FL 32707",626-555-1234,,"social security",28.6477272,-81.26271859999997
"Amtronix","321 Fieldstone Drive, Twin Falls, ID 83301",,818-555-4321,"social security",42.5868791,-114.50017209999999
"Anaconda Sports","505 Creekside Drive, Osseo, MN 55311",626-555-1234,,"shelters",45.1527813,-93.47733019999998
"Analytical Instrument Recycle","147 Valley Road, Vicksburg, MS 39180",,818-555-4321,"shelters",32.3304828,-90.88491299999998
"Angela's Florit & Christmas Shoppe","755 Route 5, Cottage Grove, MN 55016",626-555-1234,,"shelters",44.7412634,-92.86484289999999
"Angel's Wigs","499 Strawberry Lane, North Haven, CT 06473",,818-555-4321,"social security",41.4678434,-72.66848820000001
"Animal Designs","998 Howard Street, Mentor, OH 44060",626-555-1234,,"employment",41.6661573,-81.33955200000003
"Animated Musical Greeting Card Store","992 Broad Street, Hamtramck, MI 48212",,818-555-4321,"shelters",42.3928151,-83.04964380000001
"Annies Costumes and Magic","913 Aspen Court, Mankato, MN 56001",626-555-1234,,"employment",44.1785526,-94.06392160000001
"Annie's Woolens","785 Orchard Lane, Mobile, AL 36605",,818-555-4321,"social security",30.7257935,-88.21164139999996
"Another Company","286 Spring Street, Bellmore, NY 11710",626-555-1234,,"medicare",40.7066352,-73.518847
"Antique & Vintage Dress Gallery","165 Holly Court, Billerica, MA 01821",,818-555-4321,"financial aid",42.57146609999999,-71.28769369999998
"Any Mountain Gear","401 Sycamore Drive, Mentor, OH 44060",626-555-1234,,"social security",41.6937974,-81.35942569999997
"Apexstores.com","41 Hickory Street, Chelmsford, MA 01824",,818-555-4321,"food stamps",42.5907765,-71.33142950000001
"Applesonline","766 Circle Drive, Hudson, NH 03051",626-555-1234,,"financial aid",42.7999836,-71.4277894
"Applesource","331 Tanglewood Drive, Fresh Meadows, NY 11365",,818-555-4321,"funeral services",40.7335179,-73.7801447
"AppliancePartsPros.com","821 Walnut Street, Revere, MA 02151",626-555-1234,,"funeral services",42.4066935,-70.9972343
"Aqua Pools","103 Franklin Street, Faribault, MN 55021",,818-555-4321,"financial aid",44.2984212,-93.28744990000001
"AquaBells","207 Clay Street, Bountiful, UT 84010",626-555-1234,,"employment",40.8893895,-111.88077099999998
"Aquarium Instruments","94 Grove Street, Jamestown, NY 14701",,818-555-4321,"housing help",37.2754049,-76.68803330000003
"Aquatic Connection","195 Bridle Court, Minneapolis, MN 55406",626-555-1234,,"funeral services",44.9406559,-93.22317269999996
"Aquatic Technology","205 Jackson Street, North Tonawanda, NY 14120",,818-555-4321,"employment",43.05493,-78.88199889999999
"Arcaro's Saddlery","831 Devonshire Drive, Largo, FL 33771",626-555-1234,,"funeral services",27.9046811,-82.7616822
"Arcata Pet","540 Marshall Street, Sunnyside, NY 11104",,818-555-4321,"thrift stores",41.3247086,-73.0510051
"Arch Angels","578 Monroe Street, Ridgewood, NJ 07450",626-555-1234,,"financial aid",40.9978479,-74.12909430000002
"Arizona Specialty Woodcrafts","415 Rosewood Drive, State College, PA 16801",,818-555-4321,"shelters",40.8170784,-77.48675609999998
"Arizona Sun Products","134 Court Street, Ocean Springs, MS 39564",626-555-1234,,"funeral services",30.4113097,-88.8278057
"Armstrong's Cricket Farm","358 High Street, Redondo Beach, CA 90278",,818-555-4321,"medicare",33.8601603,-118.36716060000003
"Aromaland Inc.","576 Shady Lane, Basking Ridge, NJ 07920",626-555-1234,,"medicare",40.711378,-74.55527000000001
"ARSIS Audio","150 4th Street North, West Des Moines, IA 50265",,818-555-4321,"financial aid",41.57002629999999,-93.70752499999998
"Artistic Checks Inc.","195 Jackson Street, Brentwood, NY 11717",626-555-1234,,"housing help",40.78787699999999,-73.25374099999999
"Arylis Music","569 Main Street North, Chippewa Falls, WI 54729",,818-555-4321,"funeral services",44.9209144,-91.38993349999998
"As On TV","2 Homestead Drive, Saugus, MA 01906",626-555-1234,,"housing help",42.4923732,-71.08551369999998
"Astrology et al","791 5th Street, Oxford, MS 38655",,818-555-4321,"medicare",34.37041749999999,-89.52459569999996
"Atiyeh International","881 Franklin Court, Greensboro, NC 27405",626-555-1234,,"shelters",36.1159434,-79.74729479999996
"Atlas Billiard Supplies","261 Manor Drive, Kingsport, TN 37660",,818-555-4321,"shelters",36.5419551,-82.591228
"Atlas Diamond Company","171 Bank Street, Jamaica, NY 11432",626-555-1234,,"housing help",40.7364591,-74.00659139999999
"ATS Total Sports","117 Chestnut Avenue, Huntsville, AL 35803",,818-555-4321,"funeral services",34.605898,-86.60661199999998
"Audace","811 Dogwood Drive, Arlington Heights, IL 60004",626-555-1234,,"funeral services",42.0848131,-87.92472049999998
"Auguste Reymond","320 Center Street, Lawrence Township, NJ 08648",,818-555-4321,"food stamps",39.3906655,-75.10202040000001
"Authentic Reproductions","898 Madison Street, Arlington Heights, IL 60004",626-555-1234,,"thrift stores",42.1775694,-87.95332359999998
"AutoBarn.com","562 Harrison Avenue, South El Monte, CA 91733",,818-555-4321,"medicare",34.0519548,-118.04673389999999
"Avitech Inc.","218 8th Street South, Lagrange, GA 30240",626-555-1234,,"food stamps",32.8767912,-85.18233409999999
"AwareToys","986 Fairway Drive, Mableton, GA 30126",,818-555-4321,"medicare",33.7847488,-84.56758150000002
"Baack's Florists","298 9th Street West, Blackwood, NJ 08012",626-555-1234,,"food stamps",39.8119882,-75.01308259999996
"Babs' Jamaican Fruit Cakes","361 Heritage Drive, Pikesville, MD 21208",,818-555-4321,"funeral services",39.37700239999999,-76.66548619999998
"BabyPhat","269 Division Street, Henderson, KY 42420",626-555-1234,,"employment",37.9773381,-87.56047330000001
"Baby's Best Designs","865 Sunset Drive, Kent, OH 44240",,818-555-4321,"medicare",41.1655327,-81.38640199999998
"Bad Planet","298 Franklin Street, Camas, WA 98607",626-555-1234,,"medicare",45.58658339999999,-122.40093890000003
"Bags & All","275 Brandywine Drive, Williamsburg, VA 23185",,818-555-4321,"employment",38.647831,-76.84633199999996
"Balazs","43 Beech Street, Starkville, MS 39759",626-555-1234,,"social security",33.4473383,-88.83169229999999
"Ballroom Connection","824 Fairview Avenue, Goodlettsville, TN 37072",,818-555-4321,"medicare",36.3231066,-86.71333019999997
"Ball's Out! Rugby","322 Garden Street, Cleveland, TN 37312",626-555-1234,,"financial aid",35.1239277,-84.85711070000002
"Ballyhoo","423 Oxford Court, Naples, FL 34116",,818-555-4321,"medicare",26.2007292,-81.73990830000002
"Balsa USA","24 Westminster Drive, Zionsville, IN 46077",626-555-1234,,"financial aid",39.95668,-86.32769009999998
"Banana Jack","594 5th Street East, Butte, MT 59701",,818-555-4321,"thrift stores",46.02758060000001,-112.54460970000002
"Bandwear.com","245 Willow Lane, Crofton, MD 21114",626-555-1234,,"financial aid",38.9934563,-76.68871489999998
"Bare Necessities","749 Sunset Avenue, Fayetteville, NC 28303",,818-555-4321,"funeral services",34.9461826,-79.07810689999997
"Barnes and Noble","130 Myrtle Street, Burbank, IL 60459",626-555-1234,,"thrift stores",34.1095804,-77.90195030000001
"Baron's Fun Wigs","544 Mulberry Street, Menasha, WI 54952",,818-555-4321,"medicare",44.300833,-88.463953
"Baseball Express","440 Fawn Court, Levittown, NY 11756",626-555-1234,,"employment",40.7409523,-73.54944990000001
"Baseball Wearhouse","188 Heritage Drive, Lanham, MD 20706",,818-555-4321,"funeral services",38.96851119999999,-76.86203269999999
"Basic Direct","899 3rd Avenue, Levittown, NY 11756",626-555-1234,,"housing help",40.681258,-73.45005700000002
"Basketpatterns.com","584 Somerset Drive, Chelsea, MA 02150",,818-555-4321,"employment",42.3701988,-70.99185649999998
"Bass Pro Shops","704 Brandywine Drive, Waukesha, WI 53186",626-555-1234,,"financial aid",43.0464073,-88.15483189999998
"Batteries Direct","107 Race Street, Banning, CA 92220",,818-555-4321,"financial aid",33.9255713,-116.87641029999997
"Batteries.com","207 Route 100, Thomasville, NC 27360",626-555-1234,,"thrift stores",35.8826369,-80.0819879
"Battery Bank","497 Madison Court, Mcallen, TX 78501",,818-555-4321,"funeral services",26.2975384,-98.3100475
"Battery Barn","833 Spring Street, Hackensack, NJ 07601",626-555-1234,,"social security",40.877218,-74.0059253
"Battery Source","115 Hickory Lane, Clarksville, TN 37040",,818-555-4321,"housing help",36.5143784,-87.36505599999998
"Battery Wholesale Distributors","975 Fulton Street, Naples, FL 34116",626-555-1234,,"financial aid",26.1916102,-81.7021049
"BDC Products","387 King Street, Wausau, WI 54401",,818-555-4321,"thrift stores",44.9219969,-89.66864450000003
"Bear St.","109 Locust Street, Cambridge, MA 02138",626-555-1234,,"thrift stores",42.37801510000001,-71.15211060000001
"Beauty Caf�","732 3rd Street, Park Ridge, IL 60068",,818-555-4321,"housing help",42.0105072,-87.83511520000002
"Beauty Naturally","587 Elizabeth Street, Havertown, PA 19083",626-555-1234,,"food stamps",39.9763656,-75.31497960000002
"Beauty of a Site","363 Redwood Drive, Ottawa, IL 61350",,818-555-4321,"housing help",45.3822363,-75.76958159999998
"Beautyhabit","39 Hanover Court, Charlottesville, VA 22901",626-555-1234,,"medicare",38.0270884,-78.5011149
"BeautyTrends","471 Garfield Avenue, Elyria, OH 44035",,818-555-4321,"shelters",41.3784678,-82.11261009999998
"Beckler's Carpet Outlet","789 Sunset Avenue, Bolingbrook, IL 60440",626-555-1234,,"funeral services",41.7001813,-88.0588975
"Belly Basics","769 Ivy Lane, Williamstown, NJ 08094",,818-555-4321,"funeral services",39.6544185,-74.98617079999997
"Ben & Jerry's Homemade","9 13th Street, Snellville, GA 30039",626-555-1234,,"shelters",33.7972391,-84.0273168
"Berkshire Biological","980 East Avenue, Chapel Hill, NC 27516",,818-555-4321,"social security",35.8770882,-79.07365700000003
"Bermo Imports","548 Virginia Street, Zeeland, MI 49464",626-555-1234,,"thrift stores",42.8125246,-86.01865099999998
"Bernard Enterprises","510 East Avenue, Tualatin, OR 97062",,818-555-4321,"social security",45.4249571,-122.66824209999999
"Berry's Barbell & Fitness Equipment Company","596 Carriage Drive, Glenside, PA 19038",626-555-1234,,"funeral services",39.79517269999999,-75.518215
"Best Checks","520 Country Lane, Wantagh, NY 11793",,818-555-4321,"food stamps",40.6837121,-73.51012579999997
"Best of New England","784 6th Street West, Fishers, IN 46037",626-555-1234,,"shelters",40.0350713,-86.01598039999999
"Best Value Golf Products","750 2nd Street West, Clermont, FL 34711",,818-555-4321,"thrift stores",28.5522805,-81.75808640000002
"Best Wishes","463 Cherry Lane, Clarkston, MI 48348",626-555-1234,,"financial aid",42.7962819,-83.3638603
"BestBuy.com","644 Pine Street, Omaha, NE 68107",,818-555-4321,"housing help",41.2437778,-95.92543160000002
"BestBuyPoolSupply","318 Adams Avenue, Merrimack, NH 03054",626-555-1234,,"thrift stores",42.8532232,-71.50205389999996
"Betty's Christmas House","92 Amherst Street, Kokomo, IN 46901",,818-555-4321,"food stamps",42.922692,-78.757656
"BeveragesDirect.com","133 Country Club Road, Dacula, GA 30019",626-555-1234,,"financial aid",33.9887165,-83.89795730000003
"Bexley","133 Dogwood Lane, Fairmont, WV 26554",,818-555-4321,"financial aid",39.3861889,-80.168387
"Beyond Moseying","917 Clinton Street, Stow, OH 44224",626-555-1234,,"housing help",41.242336,-81.4429187
"bH California","26 Mill Street, Ballston Spa, NY 12020",,818-555-4321,"financial aid",42.9087779,-73.87586540000001
"Big Apple Herpetological","120 Prospect Street, Fond Du Lac, WI 54935",626-555-1234,,"food stamps",43.7996201,-88.4768325
"Big Black Boots","39 Crescent Street, Westwood, NJ 07675",,818-555-4321,"employment",40.97463500000001,-73.980257
"Big Toe Sports","474 Magnolia Avenue, Crystal Lake, IL 60014",626-555-1234,,"social security",42.1997339,-88.35578299999997
"BigFitness.net","759 Sunset Avenue, Downingtown, PA 19335",,818-555-4321,"financial aid",40.0155103,-75.69178390000002
"Bikini Shop","870 Cambridge Road, Easley, SC 29640",626-555-1234,,"social security",34.7610669,-82.5860702
"Bilbo Innovations","195 Depot Street, Ringgold, GA 30736",,818-555-4321,"shelters",34.9151984,-85.10794670000001
"Binoculars.com","503 Essex Court, Gwynn Oak, MD 21207",,818-555-4321,"thrift stores",39.3355062,-76.73469510000001
"Biometrics","380 10th Street, Westbury, NY 11590",626-555-1234,,"financial aid",40.7298452,-73.63475729999999
"Bio-T Herbals","125 Hillcrest Avenue, Parlin, NJ 08859",,818-555-4321,"thrift stores",40.51580750000001,-74.40397209999998
"Birkenstock Central","73 Canterbury Road, Franklin Square, NY 11010",626-555-1234,,"employment",40.6808816,-73.63370150000003
"Birthday Chocolates","185 Court Street, Tacoma, WA 98444",,818-555-4321,"financial aid",47.088157,-122.393193
"Black Jungle Terrarium Supply","596 8th Street South, Crofton, MD 21114",626-555-1234,,"shelters",42.734264,-97.50539649999996
"Blades Board & Skate","902 Penn Street, Tallahassee, FL 32303",,818-555-4321,"medicare",30.5399522,-84.70707759999999
"Blind Alley","312 Canterbury Road, Lake Zurich, IL 60047",626-555-1234,,"financial aid",42.2172583,-88.03104619999999
"Blindsexpress","344 8th Street, Arlington Heights, IL 60004",,818-555-4321,"shelters",42.0243036,-87.9518582
"Blockbuster Bowling","894 Cedar Street, Morganton, NC 28655",626-555-1234,,"social security",35.6848237,-81.69799929999999
"Blood's Hammock Groves","812 Route 17, Fort Washington, MD 20744",,818-555-4321,"financial aid",38.7073379,-77.02303130000001
"Bloomingdales","512 Lake Street, Mokena, IL 60448",626-555-1234,,"financial aid",41.5051825,-87.9472624
"Blue Canoe Bodywear","508 Atlantic Avenue, Clifton Park, NY 12065",,818-555-4321,"financial aid",42.844668,-73.81838040000002
"Blue Gauntlet Fencing","149 Ashley Court, Endicott, NY 13760",626-555-1234,,"employment",42.2302402,-76.04741619999999
"Blue Water Hunter","93 York Street, Erie, PA 16506",,818-555-4321,"financial aid",41.9190809,-79.65279929999997
"Bluefly","292 Canterbury Drive, Coventry, RI 02816",626-555-1234,,"shelters",41.6926447,-81.2735758
"Bodies By Design","566 Prospect Street, South Richmond Hill, NY 11419",,818-555-4321,"housing help",40.638463,-74.1028627
"Body Trends","180 Monroe Drive, Nashville, TN 37205",626-555-1234,,"food stamps",36.1787693,-86.78422189999998
"Bohlender","44 Broad Street, Avon, IN 46123",,818-555-4321,"financial aid",42.1024535,-71.02012760000002
"Bone Clones","654 Edgewood Road, Brandon, FL 33510",626-555-1234,,"shelters",28.0163939,-81.94400949999999
"Bonsai Boy of New York","906 Clay Street, Muskegon, MI 49441",,818-555-4321,"food stamps",43.2296877,-86.26041409999999
"Boot Barn","789 9th Street, Ringgold, GA 30736",626-555-1234,,"medicare",40.8605454,-99.97712919999998
"Boston Paintball Supply","417 Green Street, Lorton, VA 22079",,818-555-4321,"thrift stores",38.7068116,-77.26157330000001
"Bow Tie Club","587 Route 70, Chesapeake, VA 23320",626-555-1234,,"shelters",36.7578013,-76.21314740000003
"Bowl Mill","44 Spring Street, Coatesville, PA 19320",,818-555-4321,"food stamps",40.0187972,-75.79518129999997
"Boyle Meat Company","395 Franklin Street, State College, PA 16801",626-555-1234,,"thrift stores",40.7922968,-77.87631520000002
"Breck's","538 Liberty Street, San Pablo, CA 94806",,818-555-4321,"funeral services",37.9221011,-122.3129103
"Brent Jessee Recording","667 Linden Street, Zanesville, OH 43701",626-555-1234,,"funeral services",39.9443883,-82.01241270000003
"Brite Ties","240 Orchard Lane, Hamburg, NY 14075",,818-555-4321,"housing help",42.74613249999999,-78.90010689999997
"British Delights","404 Ridge Road, Mc Lean, VA 22101",626-555-1234,,"medicare",38.9548172,-77.16884519999996
"Buckle","434 Main Street West, Atlanta, GA 30303",,818-555-4321,"funeral services",33.6890226,-84.4376148
"Buffalo Gal","56 Heritage Drive, Winter Park, FL 32792",626-555-1234,,"shelters",28.6062232,-81.30683569999997
"Bullfrog Light Co.","214 8th Street, Palm City, FL 34990",,818-555-4321,"housing help",27.1606533,-80.24998800000003
"Burlington Coat Factory","15 Elmwood Avenue, Granger, IN 46530",626-555-1234,,"thrift stores",42.9265364,-78.87563239999997
"Burns-Milwaukee","843 Route 29, Henderson, KY 42420",,818-555-4321,"financial aid",37.8039941,-87.5198011
"Burpco","432 4th Street North, Chesterfield, VA 23832",626-555-1234,,"funeral services",37.3051426,-77.29125829999998
"Button Emporium","337 Chestnut Street, Menomonee Falls, WI 53051",,818-555-4321,"housing help",43.1101373,-88.12604039999997
"BuyCostumes.com","3 Cedar Avenue, Wayne, NJ 07470",626-555-1234,,"shelters",40.935231,-74.25970319999999
"Caboose Hobbies","636 Jefferson Street, New Orleans, LA 70115",,818-555-4321,"shelters",29.918329,-90.11602199999999
"Caboose","428 Riverside Drive, Dayton, OH 45420",626-555-1234,,"medicare",39.7698571,-84.19113519999996
"Cady's Grove","300 Briarwood Drive, Bay City, MI 48706",,818-555-4321,"medicare",43.6029719,-84.12006769999999
"Calphalon","671 Washington Avenue, Wisconsin Rapids, WI 54494",626-555-1234,,"funeral services",44.3946226,-89.81693910000001
"Camera World Of Oregon","478 Maple Avenue, Muscatine, IA 52761",,818-555-4321,"employment",41.433575,-91.05191839999998
"Campmor","236 Dogwood Lane, Grove City, OH 43123",626-555-1234,,"employment",39.8892995,-83.10987
"Canada Candy Connection","520 Penn Street, Twin Falls, ID 83301",,818-555-4321,"social security",42.3986045,-114.56135069999999
"Candy Depot","367 Oak Street, Lilburn, GA 30047",626-555-1234,,"employment",33.8919841,-84.14317749999998
"Candy's Apples","652 Sherwood Drive, Voorhees, NJ 08043",,818-555-4321,"housing help",39.9835779,-74.99449909999998
"Capsized","850 Prospect Avenue, Elizabeth City, NC 27909",626-555-1234,,"thrift stores",36.2946008,-76.2510461
"Capulin Coffee","584 Union Street, Eastlake, OH 44095",,818-555-4321,"financial aid",41.6381677,-81.40460659999997
"Carberry International Sports Inc.","595 East Avenue, Sanford, NC 27330",626-555-1234,,"social security",35.7116599,-79.1785031
"Carden Aircraft","426 Pheasant Run, Muskegon, MI 49441",,818-555-4321,"food stamps",43.21238779999999,-86.31739199999998
"Carefree Uniforms Canada","445 Madison Avenue, Pittsfield, MA 01201",626-555-1234,,"food stamps",42.45725059999999,-73.25537020000002
"Carl's Electronics","246 3rd Street West, Green Bay, WI 54302",,818-555-4321,"housing help",44.5092076,-88.02526239999997
"Carmanah Research Ltd.","760 North Avenue, Selden, NY 11784",626-555-1234,,"employment",40.85154199999999,-73.05994350000003
"Caroline B","743 Cooper Street, Orange, NJ 07050",,818-555-4321,"financial aid",40.8384811,-74.20187039999996
"Cascade","199 6th Avenue, Brainerd, MN 56401",626-555-1234,,"financial aid",46.3568729,-94.20066199999997
"Cascadilla Press","442 Henry Street, Chippewa Falls, WI 54729",,818-555-4321,"employment",44.9369054,-91.39293479999998
"Cassette House","859 Myrtle Avenue, Niceville, FL 32578",626-555-1234,,"financial aid",30.5168639,-86.48217199999999
"Catalina Technologies","570 11th Street, Evans, GA 30809",,818-555-4321,"financial aid",34.2277166,-84.4208941
"Catherines","337 2nd Avenue, Lafayette, IN 47905",626-555-1234,,"medicare",40.415301,-86.89548790000003
"Cats Pajamas","517 Circle Drive, Goldsboro, NC 27530",,818-555-4321,"medicare",35.4572138,-77.84877360000002
"Caviar Assouline","266 Manor Drive, East Meadow, NY 11554",626-555-1234,,"financial aid",40.7209596,-73.54821400000003
"Caviar Direct","663 Cleveland Street, Easley, SC 29640",,818-555-4321,"thrift stores",34.8368983,-82.59058749999997
"Cayne's","731 Front Street North, Panama City, FL 32404",626-555-1234,,"employment",30.11842499999999,-85.58809429999997
"Celestial Seasonings","84 Woodland Drive, Wethersfield, CT 06109",,818-555-4321,"financial aid",41.7119144,-72.65701050000001
"Chamber of Horrors","890 Union Street, Gastonia, NC 28052",626-555-1234,,"food stamps",35.2526217,-81.176558
"Charm Woven Labels Inc.","105 Mill Road, Dublin, GA 31021",,818-555-4321,"employment",32.5553418,-82.9960357
"Check Crafters","266 Brown Street, Copperas Cove, TX 76522",626-555-1234,,"employment",31.1086052,-97.90976219999999
"Check Gallery","968 George Street, Burbank, IL 60459",,818-555-4321,"funeral services",37.6607328,-122.09119570000001
"Checks In The Mail","304 3rd Street East, Southgate, MI 48195",626-555-1234,,"shelters",42.216467,-83.22596069999997
"Checks Unlimited","895 Aspen Drive, Blackwood, NJ 08012",,818-555-4321,"shelters",39.8230524,-75.12985309999999
"Chesapeake Bay Gourmet","509 Park Avenue, Bayside, NY 11361",626-555-1234,,"housing help",40.7292205,-73.80911019999996
"Children's Wear Digest","58 Elm Avenue, Pleasanton, CA 94566",,818-555-4321,"thrift stores",37.6707763,-121.88758810000002
"ChockCatalog.com","703 Main Street South, Englishtown, NJ 07726",626-555-1234,,"thrift stores",40.2813273,-74.33112059999996
"Chris B's Music","181 Grove Street, Mason City, IA 50401",,818-555-4321,"social security",43.2418941,-93.12075379999999
"Christel","964 8th Avenue, Naugatuck, CT 06770",626-555-1234,,"financial aid",41.4910157,-73.05233399999997
"Christian Scott of Scotland","798 Strawberry Lane, Chaska, MN 55318",,818-555-4321,"financial aid",44.7893446,-93.60183889999996
"Christmas Dove","27 Cambridge Road, Lutherville Timonium, MD 21093",626-555-1234,,"food stamps",39.4452108,-76.65282250000001
"Christmas Factory","721 Spring Street, West Haven, CT 06516",,818-555-4321,"housing help",41.2744568,-72.97326399999997
"Christmas Forest","582 Grove Avenue, Goldsboro, NC 27530",626-555-1234,,"funeral services",35.398115,-77.90870569999998
"Christmas Loft","117 Grant Avenue, Dover, NH 03820",,818-555-4321,"shelters",43.2992594,-70.97029309999999
"Christo Gift & Toy","396 Devon Court, Torrington, CT 06790",626-555-1234,,"food stamps",41.5149565,-73.14180899999997
"Christopher & Banks","86 Vine Street, Maumee, OH 43537",,818-555-4321,"food stamps",41.5628294,-83.65382439999996
"Circuit City","361 Wood Street, Portage, IN 46368",626-555-1234,,"shelters",41.5635068,-87.19465650000001
"City Boxers","617 Sycamore Street, Uniondale, NY 11553",,818-555-4321,"housing help",40.6825755,-73.54704570000001
"CJ Banks","912 Essex Court, Chattanooga, TN 37421",626-555-1234,,"social security",35.1439785,-85.24669349999999
"Classic Pumps","69 Shady Lane, East Hartford, CT 06118",,818-555-4321,"thrift stores",41.767859,-72.57969600000001
"Clipperton Company","675 Colonial Drive, New Haven, CT 06511",626-555-1234,,"food stamps",41.32594840000001,-72.9447505
"Cloud Nine","770 3rd Street, Georgetown, SC 29440",,818-555-4321,"social security",33.406129,-79.2746429
"Clovers Online","131 Adams Avenue, Osseo, MN 55311",626-555-1234,,"thrift stores",45.1056514,-93.48927459999999
"CMI","855 Route 44, Knoxville, TN 37918",,818-555-4321,"financial aid",36.0539129,-83.9003022
"Coastal Kites Inc.","59 Charles Street, New York, NY 10002",626-555-1234,,"housing help",40.7349888,-74.00363270000003
"Collectible Toy Mart","332 Euclid Avenue, Rockledge, FL 32955",,818-555-4321,"housing help",28.298261,-80.72040219999997
"Collin Street Bakery","959 Marshall Street, Southaven, MS 38671",626-555-1234,,"employment",34.9837306,-89.99067339999999
"Combs Music","676 Lafayette Street, Anoka, MN 55303",,818-555-4321,"funeral services",45.1192583,-93.28760569999997
"Comfort One Shoes","421 10th Street, West Chester, PA 19380",626-555-1234,,"medicare",39.8504034,-75.3693065
"Comics etc.","531 Park Drive, Euless, TX 76039",,818-555-4321,"financial aid",32.8646057,-97.0777976
"Company Store","296 Summit Avenue, Yuba City, CA 95993",626-555-1234,,"financial aid",39.3133156,-121.41833150000002
"Complete Bowling Index","238 Amherst Street, Pickerington, OH 43147",,818-555-4321,"financial aid",39.8842304,-82.7535049
"Comp-U-Plus","515 Bay Street, Richardson, TX 75080",626-555-1234,,"shelters",28.961776,-95.962403
"CompUSA","452 Willow Street, Hoboken, NJ 07030",,818-555-4321,"housing help",40.7426282,-74.03320559999997
"ComputeAmerica.com","977 Evergreen Lane, Concord, NH 03301",626-555-1234,,"medicare",43.155423,-71.618268
"Computer Discount Warehouse","468 Railroad Avenue, Round Lake, IL 60073",,818-555-4321,"social security",42.35533220000001,-88.09618189999998
"Computer Furniture Direct","796 Hanover Court, Covington, GA 30014",626-555-1234,,"food stamps",33.5967815,-83.8601827
"Computers4Sure","475 Front Street, Richmond Hill, NY 11418",,818-555-4321,"housing help",40.627369,-74.07424220000001
"Comtrad Industries","173 Clay Street, Kent, OH 44240",626-555-1234,,"medicare",40.3976236,-80.56326939999997
"Condar Company","391 Wood Street, Pueblo, CO 81001",,818-555-4321,"social security",38.3216059,-104.64060440000003
"Condoms Express","292 3rd Street, Sioux Falls, SD 57103",626-555-1234,,"thrift stores",43.5551468,-96.72979409999999
"Conestoga Company","72 Bank Street, Lowell, MA 01851",,818-555-4321,"housing help",42.3682648,-71.23427270000002
"Conran Shop","147 Laurel Drive, Bedford, OH 44146",626-555-1234,,"medicare",41.3545921,-81.5349903
"Contact Lens Center & Optical Boutique","186 Schoolhouse Lane, Snohomish, WA 98290",,818-555-4321,"food stamps",47.957735,-122.00583440000003
"Cookbook Store","525 Linden Avenue, Bayonne, NJ 07002",626-555-1234,,"shelters",40.660873,-74.126731
"Cooking.Com","15 Lake Avenue, Lake In The Hills, IL 60156",,818-555-4321,"housing help",42.1771339,-88.3211614
"CookTek","426 Riverside Drive, Mason, OH 45040",626-555-1234,,"social security",39.3728433,-84.28052179999997
"Copy Caps","465 Hillcrest Drive, Norwood, MA 02062",,818-555-4321,"medicare",42.1829087,-71.18481739999999
"Coral Seafood","696 Arch Street, Covington, GA 30014",626-555-1234,,"social security",33.5967815,-83.8601827
"Cosmetic Mall","936 York Road, New Britain, CT 06051",,818-555-4321,"financial aid",41.6479445,-72.79569579999998
"Cosmetics Bag Corp.","124 White Street, Deland, FL 32720",626-555-1234,,"medicare",29.0371823,-81.33450690000001
"Country Seat","968 Railroad Avenue, Norcross, GA 30092",,818-555-4321,"housing help",45.8681728,-96.1979988
"Crab Broker","334 Oxford Road, Colorado Springs, CO 80911",626-555-1234,,"housing help",38.8043427,-104.84410560000003
"Crab Place","577 Depot Street, Indiana, PA 15701",,818-555-4321,"shelters",40.6671629,-79.13227440000003
"Creekside Flyfishing Shop","21 Summer Street, Huntington, NY 11743",626-555-1234,,"funeral services",40.758138,-73.31165099999998
"Cricket Direct","68 3rd Street, Brighton, MA 02135",,818-555-4321,"funeral services",35.20731,-113.772629
"Cricket Gear","193 Prospect Avenue, Williamsport, PA 17701",626-555-1234,,"medicare",41.237722,-77.060452
"Cricket-Hockey.com","411 Willow Street, Champlin, MN 55316",,818-555-4321,"shelters",45.147614,-93.33152799999999
"CricketSupplies","446 West Street, Benton Harbor, MI 49022",626-555-1234,,"financial aid",42.1419891,-86.44795750000003
"CropKing Inc.","473 Atlantic Avenue, Phoenixville, PA 19460",,818-555-4321,"employment",40.1303822,-75.51491279999999
"Crutchfield","591 Chapel Street, Lake Worth, FL 33460",626-555-1234,,"thrift stores",26.6167279,-80.12796700000001
"CSC Laboratories","520 Route 70, Lincoln, NE 68506",,818-555-4321,"funeral services",40.81782,-96.624618
"Cuddledown of Maine","814 Cedar Avenue, Highland, IN 46322",626-555-1234,,"housing help",41.5129412,-87.47274279999999
"CueSight Technologies","549 Fieldstone Drive, Metairie, LA 70001",,818-555-4321,"financial aid",29.9797336,-90.16354419999999
"Cusack","246 Marshall Street, West Islip, NY 11795",626-555-1234,,"shelters",40.780394,-73.27032600000001
"Cutting Edge Kite Shop","43 Arlington Avenue, Fernandina Beach, FL 32034",,818-555-4321,"housing help",30.6696818,-81.4625919
"Cuttlebone Plus+","13 Atlantic Avenue, Trussville, AL 35173",626-555-1234,,"medicare",33.6198251,-86.60887559999998
"Cyberian Outpost","79 Myrtle Avenue, New Port Richey, FL 34653",,818-555-4321,"financial aid",28.2297642,-82.70793630000003
"Cyclone Taylor Sports","497 Primrose Lane, Middleton, WI 53562",626-555-1234,,"medicare",43.09721740000001,-89.5042876
"Salt Lake Roasting Co.","671 Virginia Avenue, Wappingers Falls, NY 12590",,818-555-4321,"housing help",41.5964825,-73.91097000000002
"Sam McGee's","209 4th Street West, Independence, KY 41051",626-555-1234,,"financial aid",39.0907452,-84.49902050000003
"SanDiegoFit.com","693 4th Street, Ithaca, NY 14850",,818-555-4321,"food stamps",42.4468179,-76.50685880000003
"Sax Alley","493 Canterbury Road, Clementon, NJ 08021",626-555-1234,,"employment",39.843034,-74.94942200000003
"SBE","332 B Street, Lansing, MI 48910",,818-555-4321,"medicare",42.7033845,-84.50000669999997
"Scale Models","502 Grove Avenue, Temple Hills, MD 20748",626-555-1234,,"housing help",38.8140024,-76.94552959999999
"Scalextric","551 Amherst Street, Latrobe, PA 15650",,818-555-4321,"thrift stores",40.3211808,-79.37948110000002
"Scentiments","619 1st Street, Randolph, MA 02368",626-555-1234,,"medicare",42.17426589999999,-71.1334597
"Scheffel's Toys","554 Warren Street, Dunedin, FL 34698",,818-555-4321,"thrift stores",28.0197404,-82.77176839999998
"Schnucks","828 Country Club Drive, Duluth, GA 30096",626-555-1234,,"financial aid",34.0670165,-84.1437942
"Scottish Smoked Salmon Co.","565 Durham Road, Daphne, AL 36526",,818-555-4321,"social security",30.6035255,-87.90360470000002
"Scott's Comics","768 12th Street, Saint Johns, FL 32259",626-555-1234,,"employment",30.128277,-81.62679200000002
"SeaEagle","711 Williams Street, Hanover, PA 17331",,818-555-4321,"funeral services",39.770995,-76.99132609999998
"Sears","965 Laurel Street, Catonsville, MD 21228",626-555-1234,,"social security",39.28451380000001,-76.71566949999999
"Secret Cove","626 Willow Street, Hazleton, PA 18201",,818-555-4321,"employment",40.9886538,-76.05898609999997
"Sensi Sandals","767 Maple Avenue, Royal Oak, MI 48067",626-555-1234,,"thrift stores",42.4961293,-83.1528854
"Service Merchandise","798 Rose Street, Ottawa, IL 61350",,818-555-4321,"housing help",41.32913509999999,-88.70558210000002
"Sew and So Online","195 Mulberry Lane, Jacksonville Beach, FL 32250",626-555-1234,,"housing help",30.2745944,-81.41141419999997
"Sewgrand Patterns","75 William Street, Fayetteville, NC 28303",,818-555-4321,"financial aid",35.053087,-78.88390800000002
"Sewing Place","921 West Avenue, Taunton, MA 02780",626-555-1234,,"medicare",41.941615,-71.11872399999999
"Shirtcreations by Arthur Gluck","820 Cardinal Drive, Ballston Spa, NY 12020",,818-555-4321,"housing help",43.0009086,-73.84901109999998
"Shoe Carnival","156 Lake Avenue, Gwynn Oak, MD 21207",626-555-1234,,"thrift stores",39.3686757,-76.6301666
"ShoeBuy.com","282 10th Street, East Stroudsburg, PA 18301",,818-555-4321,"food stamps",40.9853144,-75.19997599999999
"Shoes Avenue","208 Cottage Street, Cranford, NJ 07016",626-555-1234,,"social security",40.6144041,-74.27658120000001
"Shoes.com","555 Orchard Avenue, Lake Worth, FL 33460",,818-555-4321,"food stamps",26.564166,-80.06304799999998
"Shoe-shop.com","169 Maiden Lane, Lemont, IL 60439",626-555-1234,,"shelters",41.673642,-88.00172609999998
"Shopping Affair","534 7th Street, La Porte, IN 46350",,818-555-4321,"medicare",41.6011702,-86.72416850000002
"Shoup's Country Foods","424 Ivy Lane, Carrollton, GA 30117",626-555-1234,,"financial aid",33.6242129,-84.98487060000002
"Sierra Solar Systems","366 Oak Street, Centreville, VA 20120",,818-555-4321,"food stamps",38.8462763,-77.4374348
"Sierra Trading Post","673 6th Avenue, Hackensack, NJ 07601",626-555-1234,,"shelters",40.9353409,-74.04232969999998
"Silent Partner","837 Atlantic Avenue, Los Banos, CA 93635",,818-555-4321,"thrift stores",37.0582786,-120.84991509999998
"Silver Fantasy","471 Fulton Street, The Villages, FL 32162",626-555-1234,,"thrift stores",27.9166084,-82.75417329999999
"Simple Shoes","331 Cambridge Court, Marion, NC 28752",,818-555-4321,"financial aid",35.6840131,-82.0092745
"Simplicity","68 7th Street, Littleton, CO 80123",626-555-1234,,"financial aid",34.0246207,-86.09493559999999
"Singer 22","501 State Street East, South Plainfield, NJ 07080",,818-555-4321,"social security",40.6218678,-74.41332899999998
"SitStay GoOut Store","500 Smith Street, Deltona, FL 32725",626-555-1234,,"funeral services",28.9379206,-81.29605959999998
"SJ Glew","457 Schoolhouse Lane, Point Pleasant Beach, NJ 08742",,818-555-4321,"financial aid",40.11422839999999,-74.06314739999999
"Skate Pro Sports","455 Forest Drive, Clinton Township, MI 48035",626-555-1234,,"medicare",42.5544116,-82.96671079999999
"Skates On Haight","202 7th Street, Farmington, MI 48331",,818-555-4321,"social security",42.5033556,-83.4010965
"Skin Store","604 Wood Street, Windermere, FL 34786",626-555-1234,,"funeral services",28.5178968,-81.5281718
"Skor-Mor Company","290 Elm Avenue, Elizabethtown, PA 17022",,818-555-4321,"medicare",40.160145,-76.61059639999996
"Skulls Unlimited","138 Forest Drive, Perrysburg, OH 43551",626-555-1234,,"food stamps",41.6111369,-83.56806210000002
"Skylighter","325 Warren Street, Germantown, MD 20874",,818-555-4321,"housing help",39.6272239,-84.36655780000001
"Skyway Tool Company","327 Elm Street, Asbury Park, NJ 07712",626-555-1234,,"shelters",40.258438,-74.01480119999997
"SleePee-Time Beds","170 Brook Lane, Eden Prairie, MN 55347",,818-555-4321,"financial aid",44.7979734,-93.53550330000002
"Slot 32","275 Main Street South, Temple Hills, MD 20748",626-555-1234,,"social security",43.0344768,-88.11162480000002
"Small Island Trader","156 Country Club Road, Potomac, MD 20854",,818-555-4321,"employment",39.0677799,-77.13361800000001
"Smooth Fitness","333 Hilltop Road, Roslindale, MA 02131",626-555-1234,,"funeral services",42.2789526,-71.05417499999999
"Sneaker World","820 5th Avenue, Ithaca, NY 14850",,818-555-4321,"shelters",42.4182127,-76.5305482
"Snorkel Bob's","322 Route 10, Hicksville, NY 11801",626-555-1234,,"financial aid",40.7548189,-73.52426450000002
"Snowflake Designs","417 Essex Court, Newton, NJ 07860",,818-555-4321,"financial aid",40.7384759,-74.18950359999997
"Soaring Heart Futon & Natural Bed Company","580 Fairview Avenue, Muskego, WI 53150",626-555-1234,,"funeral services",42.9579834,-88.14492229999996
"Sock Company","395 Harrison Avenue, Streamwood, IL 60107",,818-555-4321,"housing help",42.0254122,-88.18990789999998
"Softball Sales","934 Center Street, Minneapolis, MN 55406",626-555-1234,,"financial aid",45.1034048,-93.24586090000003
"SoftMoc","603 Lilac Lane, North Wales, PA 19454",,818-555-4321,"employment",40.198993,-75.30006400000002
"Solar-EZ","190 Forest Drive, Millington, TN 38053",626-555-1234,,"medicare",35.33481769999999,-90.0634296
"Solid Rock Wall Systems","954 Andover Court, Barrington, IL 60010",,818-555-4321,"funeral services",42.1539141,-88.13618880000001
"Songwriting Consultants Ltd.","722 Spring Street, Homestead, FL 33030",626-555-1234,,"social security",28.9431839,-81.30916689999998
"Soundscape","968 Fieldstone Drive, Manchester Township, NJ 08759",,818-555-4321,"social security",39.956465,-74.31946310000001
"Sourdoughs International","778 Front Street, Lorain, OH 44052",626-555-1234,,"employment",41.377273,-81.85306539999999
"South Seas Trading Company","404 Windsor Drive, Mount Holly, NJ 08060",,818-555-4321,"funeral services",40.006237,-74.77854300000001
"South Texas Locomotive Works","953 Route 27, Bettendorf, IA 52722",626-555-1234,,"food stamps",41.5309128,-90.4959513
"Sovietski Collection","675 Sunset Drive, Winter Garden, FL 34787",,818-555-4321,"thrift stores",28.5607222,-81.59776779999999
"Sow Organic Seeds","367 Orange Street, Huntsville, AL 35803",626-555-1234,,"housing help",34.7993489,-86.58381029999998
"Spa Depot","594 3rd Street, Mcminnville, TN 37110",,818-555-4321,"social security",35.7347797,-85.78071139999997
"Sparco Communications","160 Park Place, Suffolk, VA 23434",626-555-1234,,"employment",36.7301574,-76.59809419999999
"Speak To Me","353 Orange Street, Irvington, NJ 07111",,818-555-4321,"social security",40.7363847,-74.22840610000003
"Special Addition","647 Arch Street, Beckley, WV 25801",626-555-1234,,"housing help",37.7781702,-81.18815569999998
"Special Effect Supply Co.","359 Main Street South, Jonesboro, GA 30236",,818-555-4321,"social security",33.4996392,-84.3446702
"Specialized Pyrotechnics Inc.","128 Lincoln Avenue, Long Beach, NY 11561",626-555-1234,,"financial aid",40.5853334,-73.65236600000003
"Spiegel","121 King Street, Albany, NY 12203",,818-555-4321,"medicare",42.6715193,-73.8197662
"Splatball Inc.","928 Beechwood Drive, Peoria, IL 61604",626-555-1234,,"employment",40.7958379,-89.60376439999999
"Sportaid","482 7th Street, Fairborn, OH 45324",,818-555-4321,"shelters",39.7878063,-84.09510610000001
"Sporting-Gifts.com Ltd","38 Linden Street, Chaska, MN 55318",626-555-1234,,"shelters",44.8546428,-93.64984429999998
"Sportmart","765 Railroad Avenue, New Hyde Park, NY 11040",,818-555-4321,"employment",40.733916,-73.668384
"Sports Tutor Inc.","622 Hamilton Street, Williamsburg, VA 23185",626-555-1234,,"housing help",37.2763201,-76.68976350000003
"Stained Glass","510 Route 202, West Warwick, RI 02893",,818-555-4321,"social security",41.70367110000001,-71.52150240000003
"Stained Glass Warehouse","40 Water Street, Chesterton, IN 46304",626-555-1234,,"food stamps",41.63393689999999,-87.07580129999997
"Staples","892 10th Street, Pembroke Pines, FL 33028",,818-555-4321,"social security",26.014277,-80.32988749999998
"Stark & Legum","635 Clark Street, Calhoun, GA 30701",626-555-1234,,"housing help",34.5949469,-84.90223279999998
"StarNet Communications Corp.","922 Bank Street, Fort Myers, FL 33905",,818-555-4321,"shelters",26.583342,-81.87221599999998
"State Of The Art","725 Route 41, Pueblo, CO 81001",626-555-1234,,"food stamps",38.2508105,-104.41418190000002
"Static Display Models","61 Spruce Street, Wadsworth, OH 44281",,818-555-4321,"medicare",41.0256101,-81.72985190000003
"Stellar Publishing Corporation","913 Queen Street, Cockeysville, MD 21030",626-555-1234,,"shelters",39.4812172,-76.64385979999997
"Steve's Fossil Shark Teeth","799 Liberty Street, Elizabeth, NJ 07202",,818-555-4321,"shelters",40.65838890000001,-74.21621140000002
"Sticks & Skates","895 Highland Drive, Memphis, TN 38106",626-555-1234,,"funeral services",35.1564819,-89.94426759999999
"Stitching Horse Bootery","571 Church Street North, Oak Ridge, TN 37830",,818-555-4321,"thrift stores",35.8781704,-84.31039959999998
"Stock Solution","55 Strawberry Lane, Philadelphia, PA 19111",626-555-1234,,"employment",39.94867360000001,-75.14460910000003
"Stone Company","998 Canterbury Drive, Chicopee, MA 01020",,818-555-4321,"housing help",42.1349613,-72.6420794
"Stones & Bones Fossil Company","224 Fawn Lane, Altoona, PA 16601",626-555-1234,,"food stamps",40.3881649,-78.46307239999999
"Straub's","475 Cottage Street, Roslindale, MA 02131",,818-555-4321,"medicare",42.3186388,-71.12675819999998
"Stretch and Sew","994 Old York Road, West Roxbury, MA 02132",626-555-1234,,"food stamps",42.2816,-71.15993200000003
"Stuart & Williams","106 Queen Street, Franklin Square, NY 11010",,818-555-4321,"shelters",40.6913691,-73.70520210000001
"Stuart Sports","928 Canal Street, Yuma, AZ 85365",626-555-1234,,"social security",32.640755,-114.503825
"Studio Daedre","578 Pleasant Street, Reidsville, NC 27320",,818-555-4321,"financial aid",36.3041425,-79.56448849999998
"Sunland Imports","670 Fawn Lane, Clifton, NJ 07011",626-555-1234,,"social security",39.2863224,-76.60179699999998
"Sunshine Pool Products","73 Linda Lane, Centereach, NY 11720",,818-555-4321,"thrift stores",40.8684521,-73.08713390000003
"Super Warehouse","863 Grove Street, Hollywood, FL 33020",626-555-1234,,"thrift stores",28.0195393,-82.45164599999998
"Supportershop","204 Mill Road, Tucson, AZ 85718",,818-555-4321,"shelters",32.2850752,-110.969738
"Susan Greene","10 5th Street West, Garner, NC 27529",626-555-1234,,"medicare",35.7095762,-78.6226939
"Suspender Store","602 Willow Drive, Rochester, NY 14606",,818-555-4321,"housing help",43.0958879,-77.75770890000001
"Swank Space","275 Eagle Street, Kings Mountain, NC 28086",626-555-1234,,"employment",35.2730191,-81.36713279999998
"p.45","380 Overlook Circle, Lynn, MA 01902",,818-555-4321,"funeral services",42.4964804,-70.99287379999998
"Pacific Aircraft","236 Taylor Street, Allentown, PA 18102",626-555-1234,,"financial aid",40.4568541,-80.01023670000001
"Pacific Coast Feather Company","49 Route 30, Stow, OH 44224",,818-555-4321,"shelters",41.1595005,-81.44038979999999
"Pacific Motion","305 12th Street, Altoona, PA 16601",626-555-1234,,"financial aid",40.5434752,-78.3771984
"Padinox Inc.","704 Madison Avenue, Westbury, NY 11590",,818-555-4321,"financial aid",40.7519748,-73.58776280000001
"Paintball Online","756 College Avenue, Toledo, OH 43612",626-555-1234,,"housing help",41.6531411,-83.62765109999998
"PaleoSearch Inc.","784 Valley View Road, Harvey, IL 60426",,818-555-4321,"thrift stores",41.6100344,-87.6467131
"Palmer Industries","86 Franklin Court, Conyers, GA 30012",626-555-1234,,"shelters",33.6676103,-84.01769039999999
"Palo Alto Software","612 Hamilton Road, Owatonna, MN 55060",,818-555-4321,"financial aid",44.0855572,-93.22593489999997
"Panasonic Direct","646 Edgewood Drive, New Castle, PA 16101",626-555-1234,,"housing help",41.0250197,-80.3335533
"Pans.com","421 Lantern Lane, Merrillville, IN 46410",,818-555-4321,"financial aid",41.4828144,-87.33281390000002
"Paris Fragrance","199 Hanover Court, Linden, NJ 07036",626-555-1234,,"social security",39.980652,-74.55590410000002
"Parts Express International","427 Maple Lane, Bowie, MD 20715",,818-555-4321,"medicare",38.980582,-76.74136199999998
"Parts USA","625 Lafayette Avenue, Huntington Station, NY 11746",626-555-1234,,"social security",40.8434738,-73.36983929999997
"PartSelect","291 College Street, Torrance, CA 90505",,818-555-4321,"employment",33.8853499,-118.32661630000001
"Past Patterns","84 Bridle Court, Garner, NC 27529",626-555-1234,,"thrift stores",35.7006191,-78.6725156
"Patriotic Fireworks","187 Fairview Road, Wasilla, AK 99654",,818-555-4321,"medicare",61.5416412,-149.447406
"Patterns from the Past","744 Depot Street, Vista, CA 92083",626-555-1234,,"social security",33.2496039,-117.26401279999999
"Pattos Place","929 South Street, Harvey, IL 60426",,818-555-4321,"funeral services",41.4264638,-87.9821351
"Paul's Harness Shop","562 Devon Court, Klamath Falls, OR 97603",626-555-1234,,"financial aid",42.224867,-121.7816704
"Peak Mountaineering Equipment","323 Church Street, Lake In The Hills, IL 60156",,818-555-4321,"medicare",42.2362127,-88.33065769999996
"Peanut Roaster","578 Clinton Street, Augusta, GA 30906",626-555-1234,,"employment",33.4383001,-82.04478219999999
"Pegasus Software","477 College Avenue, Ogden, UT 84404",,818-555-4321,"financial aid",41.1874488,-111.9394547
"Pell's Citrus & Nursery","708 Orchard Street, Mount Airy, MD 21771",626-555-1234,,"funeral services",36.5095119,-80.6170879
"Peppers of Key West","608 James Street, Elmhurst, NY 11373",,818-555-4321,"social security",40.7398122,-73.87782279999999
"Perfume Emporium","715 Country Club Drive, Suffolk, VA 23434",626-555-1234,,"social security",36.865265,-76.49955290000003
"Perfume For Less","621 Augusta Drive, Fort Wayne, IN 46804",,818-555-4321,"thrift stores",41.1757028,-85.14428570000001
"Perfume Mart","190 3rd Street East, Pikesville, MD 21208",626-555-1234,,"medicare",39.3787784,-76.66480180000002
"Personally Yours Gift Shop","509 5th Street East, Far Rockaway, NY 11691",,818-555-4321,"employment",40.595049,-73.74017300000003
"Peter Kahl Reptiles","716 Cypress Court, Skokie, IL 60076",626-555-1234,,"employment",42.026064,-87.72711229999999
"Pets Warehouse","725 Brook Lane, Deerfield, IL 60015",,818-555-4321,"housing help",42.1704133,-87.83528039999999
"PhotoAlley","105 Primrose Lane, Davison, MI 48423",626-555-1234,,"thrift stores",43.01768879999999,-83.5051535
"Photo-Graphic Systems","771 Willow Street, Massillon, OH 44646",,818-555-4321,"housing help",40.8100643,-81.5233374
"PHR Systems","757 Beech Street, Ringgold, GA 30736",626-555-1234,,"medicare",34.9159099,-85.10911729999998
"Physical Chess","933 Oak Avenue, Glenside, PA 19038",,818-555-4321,"employment",40.0800743,-75.10788500000001
"Pinball Heaven","973 Windsor Court, Covington, GA 30014",626-555-1234,,"financial aid",33.637173,-83.8548199
"Pinball Pleasure","826 Sheffield Drive, Ft Mitchell, KY 41017",,818-555-4321,"housing help",39.0337564,-84.54481269999997
"Pinnacle Solutions","16 Hamilton Street, Myrtle Beach, SC 29577",626-555-1234,,"employment",33.7047827,-78.98787099999998
"Pizza Hut","693 Eagle Street, Shirley, NY 11967",,818-555-4321,"housing help",42.6003705,-78.93605589999999
"Plain & Fancy inc.","841 Amherst Street, Shepherdsville, KY 40165",626-555-1234,,"thrift stores",37.9883991,-85.7157924
"Plainville Farms","107 Shady Lane, North Bergen, NJ 07047",,818-555-4321,"food stamps",40.8877399,-74.0740912
"Planely Speaking","541 Roberts Road, Dallas, GA 30132",626-555-1234,,"food stamps",33.9277698,-84.84170549999999
"Pla-Rite Sports Products","690 Summit Avenue, El Dorado, AR 71730",,818-555-4321,"thrift stores",33.2089338,-92.66730289999998
"Play It Again Sam","889 Pearl Street, Libertyville, IL 60048",626-555-1234,,"employment",42.2830786,-87.9531303
"Plaza Flowers","590 Primrose Lane, Brookline, MA 02446",,818-555-4321,"thrift stores",42.2904002,-71.12972079999997
"Pondside Herp Supply","1 Aspen Court, Eugene, OR 97402",626-555-1234,,"financial aid",44.07264929999999,-123.1649855
"Pool Mart","591 Cedar Court, Muskogee, OK 74403",,818-555-4321,"housing help",35.7938418,-95.24806969999997
"Pools Etc Inc.","962 1st Street, Rochester, NY 14606",626-555-1234,,"employment",43.175039,-77.70493599999998
"PoolStore.com","447 4th Street North, Aiken, SC 29803",,818-555-4321,"medicare",33.5715235,-81.81456200000002
"Port Lobster Company","735 Fulton Street, Muskego, WI 53150",626-555-1234,,"housing help",42.905848,-88.13897789999999
"Powell's Technical","254 Fairview Avenue, Casselberry, FL 32707",,818-555-4321,"medicare",28.6856056,-81.35988379999998
"Premier Designs","604 8th Street, Cocoa, FL 32927",626-555-1234,,"shelters",28.3629505,-80.6903163
"Premium Rugs","29 Main Street North, Providence, RI 02904",,818-555-4321,"thrift stores",41.8758195,-71.38141940000003
"Primeline Chemical Systems","507 8th Street, Alliance, OH 44601",626-555-1234,,"funeral services",40.9153362,-81.10593089999998
"Pro-Cutlery","954 Essex Court, Monroe Township, NJ 08831",,818-555-4321,"medicare",40.3104176,-74.47072760000003
"Puppet Patterns","438 North Avenue, Saginaw, MI 48601",626-555-1234,,"funeral services",43.375952,-83.89304700000002
"Pure Food Fish Market","912 Briarwood Court, Milford, MA 01757",,818-555-4321,"food stamps",42.1398577,-71.51630490000002
"Puritan's Pride","422 Primrose Lane, Menomonee Falls, WI 53051",626-555-1234,,"food stamps",43.0966674,-88.13302579999998
"G. Pacillo Company","679 Arch Street, Knoxville, TN 37918",,818-555-4321,"food stamps",35.9885471,-83.89816300000001
"G.L. Downs Design","349 Briarwood Court, Endicott, NY 13760",626-555-1234,,"food stamps",42.128935,-76.045144
"Gaines Nutrition","534 Monroe Street, Willingboro, NJ 08046",,818-555-4321,"funeral services",40.0383634,-74.96856700000001
"Gap","780 Bridle Court, Jonesboro, GA 30236",626-555-1234,,"employment",33.5215013,-84.35381280000001
"Garten Rat","18 Grove Street, Galloway, OH 43119",,818-555-4321,"funeral services",39.9142451,-83.16629569999998
"Gaumard Scientific Company","476 Magnolia Court, Apex, NC 27502",626-555-1234,,"financial aid",35.7306263,-78.88799139999998
"Gefen Sports","95 Route 5, Southaven, MS 38671",,818-555-4321,"employment",34.988515,-90.01241700000003
"Genius Babies","925 Route 44, York, PA 17402",626-555-1234,,"food stamps",41.9605205,-78.1835868
"Genovation","224 Virginia Avenue, Sidney, OH 45365",,818-555-4321,"housing help",40.2763751,-84.16549029999999
"Ghurka","529 Aspen Drive, Hudson, NH 03051",626-555-1234,,"medicare",42.7476665,-71.43628530000001
"Gift House","428 Park Avenue, Cranberry Twp, PA 16066",,818-555-4321,"thrift stores",40.7100955,-80.10765509999999
"Giftmoderne.com","223 Poplar Street, Brentwood, NY 11717",626-555-1234,,"medicare",40.7581815,-73.20484699999997
"GiftTree","759 Route 30, Hopewell, VA 23860",,818-555-4321,"funeral services",37.3043154,-77.2872001
"GiftWorld Gallery","950 Orchard Street, Pueblo, CO 81001",626-555-1234,,"food stamps",38.3636944,-104.71230939999998
"Gillis Watches and Clocks","523 Jones Street, Feasterville Trevose, PA 19053",,818-555-4321,"thrift stores",40.1466378,-74.99522589999998
"Glenbrook Farms Herbs & Such","555 Route 7, Stone Mountain, GA 30083",626-555-1234,,"shelters",33.7753891,-84.22460590000003
"Global Caps","186 12th Street, Lebanon, PA 17042",,818-555-4321,"funeral services",40.3368927,-76.43073649999997
"Global Machinery Network","838 West Avenue, Muskego, WI 53150",626-555-1234,,"food stamps",42.9221769,-88.1388948
"GlobalSCAPE","770 Hamilton Street, Oceanside, NY 11572",,818-555-4321,"funeral services",40.6006441,-73.647738
"Gloria Sample & Company","652 Main Street East, Henrico, VA 23228",626-555-1234,,"funeral services",37.5165057,-77.41514080000002
"Glorias Classic Gourmet","240 4th Street South, Roy, UT 84067",,818-555-4321,"social security",41.1616108,-112.02633129999998
"Goal Sporting Goods","828 Colonial Avenue, Prior Lake, MN 55372",626-555-1234,,"thrift stores",44.7132969,-93.42272739999999
"Godiva Chocolatier","632 Sherwood Drive, Peoria, IL 61604",,818-555-4321,"medicare",40.75985430000001,-89.61098099999998
"Golden Bear","850 Wood Street, Bensalem, PA 19020",626-555-1234,,"funeral services",40.0692119,-74.95560269999999
"Golden West International","330 Jones Street, Newnan, GA 30263",,818-555-4321,"thrift stores",33.4300511,-84.7740465
"Golfball Gifts","962 10th Street, Germantown, MD 20874",626-555-1234,,"medicare",39.2117686,-77.31055090000001
"Golfballs.com","371 Jefferson Court, Strongsville, OH 44136",,818-555-4321,"medicare",41.2995039,-81.8482654
"Golight","129 4th Street South, Stone Mountain, GA 30083",626-555-1234,,"thrift stores",33.8054815,-84.16772259999999
"Good Scents Company","50 Oak Lane, Shelbyville, TN 37160",,818-555-4321,"social security",35.46589470000001,-86.41187809999997
"Goosecross Cellars","88 Pennsylvania Avenue, Austin, MN 55912",626-555-1234,,"shelters",37.2253069,-121.98887839999998
"Gotham City Online","232 Henry Street, Gurnee, IL 60031",,818-555-4321,"employment",42.38185319999999,-87.93402470000001
"Gourmet Cottage","687 Brook Lane, Grandville, MI 49418",626-555-1234,,"thrift stores",42.8684816,-85.75110230000001
"Gourmet Gardener","156 Cedar Court, Coatesville, PA 19320",,818-555-4321,"thrift stores",40.03033800000001,-75.81837100000001
"Graham Carriage Works","722 Wall Street, Corona, NY 11368",626-555-1234,,"housing help",40.6811997,-74.0111417
"Granny's Place","823 Devon Court, Pearl, MS 39208",,818-555-4321,"housing help",32.2843294,-90.21902030000001
"Great Skate Hockey Supply Company","949 Wall Street, Cordova, TN 38016",626-555-1234,,"shelters",35.1768911,-89.8653531
"Green Turtle Bay Vitamin Co.","964 Riverside Drive, Skokie, IL 60076",,818-555-4321,"thrift stores",42.0941401,-87.77162930000003
"Greenbush Natural Products","433 Tanglewood Drive, Fresno, CA 93706",626-555-1234,,"medicare",36.67839379999999,-119.92779469999999
"Greentrees Hydroponics","428 Route 32, Lincoln Park, MI 48146",,818-555-4321,"food stamps",42.2401741,-83.1756188
"Greg Chappell Cricket Centre","891 Valley View Drive, Bel Air, MD 21014",626-555-1234,,"shelters",39.4981743,-76.3379395
"grillparts.com","82 3rd Street, Coraopolis, PA 15108",,818-555-4321,"housing help",40.5198767,-80.16571119999998
"Grocerease","566 Lilac Lane, Holyoke, MA 01040",626-555-1234,,"housing help",42.2042586,-72.61620089999997
"GTG Hydroponics","842 Railroad Street, Baldwin, NY 11510",,818-555-4321,"funeral services",40.8366376,-72.99246970000002
"Guitar Trader","29 Broad Street, La Vergne, TN 37086",626-555-1234,,"medicare",36.0156178,-86.58193940000001
"W. Atlee Burpee & Co.","922 Dogwood Drive, Omaha, NE 68107",,818-555-4321,"housing help",36.3708856,-93.23329079999996
"W.A. Bean & Sons Inc.","8 Pheasant Run, Soddy Daisy, TN 37379",626-555-1234,,"medicare",35.1615504,-85.21111389999999
"Waits Bicycle and Fitness","611 Oxford Road, Sacramento, CA 95820",,818-555-4321,"food stamps",38.6050023,-121.45599620000002
"Walkabout Footwear","292 Route 5, Carpentersville, IL 60110",626-555-1234,,"employment",42.0961568,-88.28258119999998
"Walkin' Willie's Comix","608 Mulberry Court, Hattiesburg, MS 39401",,818-555-4321,"financial aid",31.1456361,-89.4191189
"Wal-Mart Stores","500 Lincoln Avenue, Mansfield, MA 02048",626-555-1234,,"funeral services",42.0168804,-71.20798059999998
"WatchZone","613 8th Street West, Flint, MI 48504",,818-555-4321,"employment",43.0129368,-83.67769570000002
"Wealthwood Enterprises","542 Valley View Drive, Brighton, MA 02135",626-555-1234,,"social security",42.3463503,-71.1626756
"Weber Sports","607 Summit Avenue, York, PA 17402",,818-555-4321,"social security",39.938618,-76.7285501
"WebUndies.com","105 Route 202, Gastonia, NC 28052",626-555-1234,,"housing help",35.21566809999999,-81.24086890000001
"Weezywear","960 Bay Street, Depew, NY 14043",,818-555-4321,"medicare",42.926988,-78.72881999999998
"West Marine","575 Forest Avenue, Lemont, IL 60439",626-555-1234,,"thrift stores",41.6621657,-87.99209580000002
"Whittard of Chelsea","603 Grant Street, New Bern, NC 28560",,818-555-4321,"social security",35.0582465,-77.03888699999999
"Whole Latte Love","615 Lakeview Drive, Ottawa, IL 61350",626-555-1234,,"thrift stores",42.7987851,-86.00527549999998
"Wild Ties","684 Willow Street, Annapolis, MD 21401",,818-555-4321,"shelters",38.984823,-76.53431230000001
"WildStorm Direct","968 John Street, Hartford, CT 06106",626-555-1234,,"housing help",41.760026,-72.67613719999997
"Window Wares","488 Bridle Lane, Peabody, MA 01960",,818-555-4321,"financial aid",42.5418334,-71.06074719999998
"Wine Enthusiast","100 6th Avenue, Peoria, IL 61604",626-555-1234,,"medicare",40.6943692,-89.59584710000001
"Wine.com","738 Laurel Lane, Thibodaux, LA 70301",,818-555-4321,"employment",29.8260416,-90.7582041
"Wingate's Quality Watches","906 Oxford Court, Southgate, MI 48195",626-555-1234,,"funeral services",42.2178785,-83.20560510000001
"Winning Sports","288 Bridle Court, Brockton, MA 02301",,818-555-4321,"thrift stores",52.7849991,-2.0773102000000563
"Wolky Shop","810 Hillside Drive, Lakewood, NJ 08701",626-555-1234,,"housing help",40.0896857,-74.25394360000001
"Woll2Woll Software","458 Mulberry Street, Glen Cove, NY 11542",,818-555-4321,"thrift stores",39.2380554,-84.27656760000002
"Wonderful World of Animation Art Gallery","248 Harrison Avenue, Brentwood, NY 11717",626-555-1234,,"thrift stores",40.802212,-73.25407899999999
"Wooden Nickel Buffalo Farm","481 Berkshire Drive, Clarkston, MI 48348",,818-555-4321,"social security",42.7712149,-83.4003037
"Woodruff","195 Main Street West, Londonderry, NH 03053",626-555-1234,,"housing help",42.8788246,-71.30113440000002
"World Famous Comics","888 Forest Street, Poughkeepsie, NY 12601",,818-555-4321,"housing help",41.7240229,-73.9141439
"World Of Wigs","371 5th Street, Independence, KY 41051",626-555-1234,,"social security",38.7689203,-84.01302069999997
"World Traveler","357 Wall Street, Canandaigua, NY 14424",,818-555-4321,"food stamps",42.887535,-77.28169839999998
"World Wide Martial Arts Supplies","86 Sycamore Street, North Haven, CT 06473",626-555-1234,,"shelters",41.4135016,-72.86844380000002
"World Wide Wheelchairs and Used Medical Equipment","1 Devon Road, Casselberry, FL 32707",,818-555-4321,"employment",28.6984452,-81.30864079999998
"Worldwide Bowling Supply","356 3rd Street, Yonkers, NY 10701",626-555-1234,,"funeral services",40.9097059,-73.82289359999999
"WorldWide Carpets","631 5th Street North, New Port Richey, FL 34653",,818-555-4321,"funeral services",28.2302803,-82.71094099999999
"Worldwide Exotics","515 Ridge Road, Cedar Rapids, IA 52402",626-555-1234,,"employment",41.9648703,-91.76287400000001
"Woven Stitch Crochet","106 Cherry Lane, Nanuet, NY 10954",,818-555-4321,"employment",41.0916447,-73.97547750000001
"Wraprascal","744 Franklin Avenue, Ottawa, IL 61350",626-555-1234,,"financial aid",41.32833300000001,-88.8321398
"Wstore","251 Buckingham Drive, Holbrook, NY 11741",,818-555-4321,"funeral services",40.804453,-73.06735800000001
"Tabletools.com","736 Buckingham Drive, Battle Creek, MI 49015",626-555-1234,,"food stamps",42.3656542,-85.1685071
"TanShop.com","908 Monroe Street, New Hyde Park, NY 11040",,818-555-4321,"shelters",40.710245,-73.67247800000001
"Target","74 Belmont Avenue, Racine, WI 53402",626-555-1234,,"funeral services",42.7259335,-87.8137537
"Taylor Shellfish","335 B Street, Port Richey, FL 34668",,818-555-4321,"shelters",28.3204273,-82.70142850000002
"Technology Associates","991 Heather Lane, Paterson, NJ 07501",626-555-1234,,"housing help",40.9570197,-74.13194670000001
"Tecra Tools","45 Beechwood Drive, Lynchburg, VA 24502",,818-555-4321,"shelters",37.3409083,-79.23810029999999
"Tel-a-Runner","734 Spruce Avenue, Biloxi, MS 39532",626-555-1234,,"food stamps",30.3960318,-88.88530779999996
"Telegraph Avenue","610 Bank Street, Point Pleasant Beach, NJ 08742",,818-555-4321,"social security",40.0912268,-74.04791460000001
"Telemarkski.com","884 Prospect Street, Lapeer, MI 48446",626-555-1234,,"social security",43.3305212,-83.08045880000003
"Tennis Company","409 Hillside Avenue, Vista, CA 92083",,818-555-4321,"employment",33.2097724,-117.23818990000001
"Tennis Machines Inc.","998 Woodland Road, Rockledge, FL 32955",626-555-1234,,"funeral services",28.3349248,-80.75505020000003
"Tennis Menace","291 Locust Street, Neptune, NJ 07753",,818-555-4321,"shelters",40.2069938,-74.06639619999999
"Tennis Warehouse","504 Dogwood Drive, Newburgh, NY 12550",626-555-1234,,"medicare",41.5308229,-74.01936260000002
"Teva","335 Sherman Street, Peoria, IL 61604",,818-555-4321,"food stamps",40.69139759999999,-89.6276972
"The Clothes Store","284 Oak Lane, Seymour, IN 47274",626-555-1234,,"funeral services",38.9526601,-85.88289950000001
"The Nature Store","97 Route 2, Indianapolis, IN 46201",,818-555-4321,"housing help",39.6662403,-86.1242446
"TheFurniture.com","484 Inverness Drive, Bay City, MI 48706",626-555-1234,,"social security",43.5307328,-83.94654789999998
"thetubestore.com","399 Grove Avenue, Fairfield, CT 06824",,818-555-4321,"financial aid",41.1771629,-73.20647389999999
"Things From Another World","665 Madison Court, Mebane, NC 27302",626-555-1234,,"housing help",36.095493,-79.27625799999998
"Three-Two Music Publishing","559 John Street, Middletown, CT 06457",,818-555-4321,"food stamps",41.5674076,-72.65291860000002
"Tie Guys Online","153 Belmont Avenue, Cambridge, MA 02138",626-555-1234,,"food stamps",42.395985,-71.1325147
"Tilley Endurables","135 Hillside Drive, Media, PA 19063",,818-555-4321,"food stamps",39.9167783,-75.38769300000001
"Time & Time Again","386 Columbia Street, Chaska, MN 55318",626-555-1234,,"food stamps",44.8455087,-93.59177599999998
"TNT Amusements Inc.","91 Grant Avenue, Auburndale, FL 33823",,818-555-4321,"employment",28.0672945,-81.79781930000001
"Todd & Holland Tea Merchants","745 Route 202, New Rochelle, NY 10801",626-555-1234,,"thrift stores",40.9196897,-73.78896889999999
"Todofut","685 Lexington Court, Poughkeepsie, NY 12601",,818-555-4321,"food stamps",41.6972946,-73.91343940000002
"Tokyo Kid","479 Arch Street, Green Bay, WI 54302",626-555-1234,,"financial aid",44.5640332,-88.08634289999998
"Tool Logic","354 Fawn Lane, Hillsboro, OR 97124",,818-555-4321,"funeral services",45.5153004,-123.06190379999998
"Topaz Medical","19 Poplar Street, Aiken, SC 29803",626-555-1234,,"thrift stores",33.5313422,-81.71418219999998
"TopDrawers","538 Smith Street, Fresno, CA 93706",,818-555-4321,"housing help",36.7298993,-119.50172620000001
"Tor","743 Hamilton Road, Austin, MN 55912",626-555-1234,,"food stamps",30.4027264,-97.7470854
"Tote Le Monde","466 6th Street West, Lawrence, MA 01841",,818-555-4321,"food stamps",42.7139972,-71.16564619999997
"Touch of Class Catalog","993 14th Street, Omaha, NE 68107",626-555-1234,,"funeral services",41.2505763,-95.93462950000003
"Tower Records","121 Union Street, Paducah, KY 42001",,818-555-4321,"financial aid",36.9705199,-88.82887740000001
"Train & Trooper","563 Brook Lane, Burnsville, MN 55337",626-555-1234,,"funeral services",44.7758378,-93.26842149999999
"Train Track","533 Colonial Avenue, Hopkins, MN 55343",,818-555-4321,"shelters",44.975784,-93.36904900000002
"Travelers World","427 Mulberry Street, Highland Park, IL 60035",626-555-1234,,"housing help",42.180522,-87.79604699999999
"Treadmill By Net","241 West Street, San Lorenzo, CA 94580",,818-555-4321,"housing help",37.65959700000001,-122.08573990000002
"Trillenium Music Company","321 Country Lane, Randolph, MA 02368",626-555-1234,,"funeral services",42.1641906,-71.06465750000001
"Triplette Competition Arms","354 Bridle Court, Auburn, NY 13021",,818-555-4321,"thrift stores",42.9317335,-76.56605289999999
"Tropical Fish Store.com","547 Hawthorne Avenue, Chicopee, MA 01020",626-555-1234,,"thrift stores",42.167227,-72.589854
"Tube World","878 Sherman Street, Westfield, MA 01085",,818-555-4321,"housing help",42.127913,-72.755222
"Tumbl Trak","22 Walnut Street, Stockbridge, GA 30281",626-555-1234,,"funeral services",33.4792757,-84.2387928
"Twilite Sewn","557 New Street, Westerville, OH 43081",,818-555-4321,"housing help",40.0990252,-82.94489820000001
"Two Bit Score","364 3rd Street East, Glastonbury, CT 06033",626-555-1234,,"housing help",41.694266,-72.53369880000002
"Two Guys Fossils","464 13th Street, Snohomish, WA 98290",,818-555-4321,"food stamps",47.9276971,-122.08532200000002
"Tyber Katz","923 Cedar Lane, King Of Prussia, PA 19406",626-555-1234,,"housing help",40.115112,-75.3241544
"L.L. Bean","836 Oxford Court, Linden, NJ 07036",,818-555-4321,"medicare",40.6422193,-74.32816730000002
"La Nova Wings","626 Eagle Street, West Hempstead, NY 11552",626-555-1234,,"shelters",40.685501,-73.64693299999999
"La Toys Etcetera","535 Willow Lane, Bettendorf, IA 52722",,818-555-4321,"employment",41.5527786,-90.49269979999997
"LabelGear","411 Arch Street, Canton, GA 30114",626-555-1234,,"thrift stores",34.2887925,-84.43587709999997
"Lacis","915 Bay Street, Zion, IL 60099",,818-555-4321,"social security",42.4657542,-87.88168589999998
"Laguna Seca Raceway","892 6th Street West, Owensboro, KY 42301",626-555-1234,,"thrift stores",37.7710257,-87.10166370000002
"Lamb Rugs","278 Cedar Avenue, Avon Lake, OH 44012",,818-555-4321,"food stamps",41.4974684,-82.0782959
"Lands' End","256 12th Street East, Montgomery Village, MD 20886",626-555-1234,,"housing help",39.1447534,-77.2283683
"Lappert's Ice Cream","243 6th Street West, Carlisle, PA 17013",,818-555-4321,"housing help",40.2118872,-77.19133769999996
"Laptop-Battery.Com","314 Warren Street, Norwood, MA 02062",626-555-1234,,"food stamps",42.1998566,-71.19679769999999
"Lark In The Morning","626 Highland Drive, Wayne, NJ 07470",,818-555-4321,"housing help",40.938047,-74.24461099999996
"Lasater Grasslands Beef","667 Court Street, Schenectady, NY 12302",626-555-1234,,"shelters",42.7462329,-73.86027890000003
"Laser Gifts","111 5th Street West, Sarasota, FL 34231",,818-555-4321,"financial aid",27.2971066,-82.5257813
"LaserPros International","76 River Road, Memphis, TN 38106",626-555-1234,,"financial aid",35.1804375,-90.05379649999998
"Lee Frank","361 East Avenue, Point Pleasant Beach, NJ 08742",626-555-1234,,"shelters",40.0715788,-74.04243959999997
"Leisure Living Stores","874 Durham Road, Bridgeton, NJ 08302",,818-555-4321,"employment",39.3499019,-75.29663619999997
"Lens Direct","161 Pennsylvania Avenue, Martinsville, VA 24112",626-555-1234,,"shelters",36.6180517,-80.00928010000001
"Leon Paul Equipment Co. Ltd.","937 Franklin Street, Alliance, OH 44601",,818-555-4321,"funeral services",40.9268287,-81.0933809
"Leotard Lady","610 Ann Street, Indianapolis, IN 46201",626-555-1234,,"thrift stores",39.671158,-86.2707954
"LeSportsac","792 Valley View Drive, Potomac, MD 20854",,818-555-4321,"food stamps",38.7234185,-77.05705890000002
"Letterbox","381 Park Drive, Champaign, IL 61821",626-555-1234,,"funeral services",40.1173295,-88.23383230000002
"Liberty Natural Products","309 Forest Drive, Thibodaux, LA 70301",,818-555-4321,"shelters",29.7783978,-90.82374570000002
"Lids","850 Cottage Street, Hartselle, AL 35640",626-555-1234,,"employment",34.4323174,-86.94222880000001
"Lids Create Your Own","88 Myrtle Avenue, Spring Hill, FL 34608",,818-555-4321,"social security",28.4837644,-82.65700079999999
"Life Essentials","474 Grand Avenue, Bardstown, KY 40004",626-555-1234,,"shelters",37.8092279,-85.4669025
"Lifeguard Purification Systems","773 8th Avenue, Paterson, NJ 07501",,818-555-4321,"food stamps",40.9359937,-74.16816419999998
"Lighting by Gregory","173 Woodland Drive, Ft Mitchell, KY 41017",626-555-1234,,"funeral services",39.014826,-84.50052399999998
"Lilysteele","901 Woodland Drive, Temple Hills, MD 20748",,818-555-4321,"funeral services",38.8113474,-77.00123530000002
"Linen House","144 Ashley Court, Malvern, PA 19355",626-555-1234,,"social security",40.0362184,-75.51381179999998
"Linray Enterprises Inc.","460 3rd Street West, Everett, MA 02149",,818-555-4321,"housing help",42.4009337,-71.0481863
"Lito","686 Arch Street, Fall River, MA 02720",626-555-1234,,"thrift stores",41.718516,-71.16865669999999
"LitterMaid","860 5th Street South, Hempstead, NY 11550",,818-555-4321,"shelters",40.7121669,-73.66565049999997
"Live And Learn","48 Highland Drive, Livingston, NJ 07039",626-555-1234,,"shelters",40.7924395,-74.32801
"Live Aquaria","573 Beechwood Drive, Cuyahoga Falls, OH 44221",,818-555-4321,"housing help",41.1363034,-81.46090249999997
"Lobster Net","386 Route 30, Hinesville, GA 31313",626-555-1234,,"food stamps",31.846877,-81.59594529999998
"Lone Star PC Sound","365 Park Place, Gulfport, MS 39503",,818-555-4321,"employment",30.35933279999999,-89.1452352
"Longbottom Coffee and Tea Inc.","474 Cypress Court, Irwin, PA 15642",626-555-1234,,"housing help",40.3245069,-79.69108389999997
"Look-it Activewear","325 Berkshire Drive, Lincoln, NE 68506",,818-555-4321,"shelters",40.825985,-96.63579300000004
"Louisville Slugger","520 Harrison Street, Union, NJ 07083",626-555-1234,,"shelters",40.63865500000001,-74.25012300000003
"Loveland Groves","736 Windsor Drive, Westfield, MA 01085",,818-555-4321,"funeral services",42.1250929,-72.74953800000003
"L-Soft international","707 Broad Street West, Ottumwa, IA 52501",626-555-1234,,"social security",41.01602930000001,-92.40830219999998
"Lucky Brand Jeans","295 9th Street, New Bern, NC 28560",,818-555-4321,"medicare",35.1036463,-77.07229689999997
"Luggage Online","55 Sycamore Street, East Stroudsburg, PA 18301",626-555-1234,,"shelters",41.017949,-75.27311199999997
"Luggage Point","346 Fairview Avenue, Moses Lake, WA 98837",,818-555-4321,"employment",47.1479301,-119.308088
"Lunar Embassy","265 Depot Street, Sevierville, TN 37876",626-555-1234,,"medicare",35.9709346,-83.92052369999999
"Lynx Marketing Corporation","384 Heather Lane, Derby, KS 67037",,818-555-4321,"shelters",37.6169824,-97.23804139999999
"Ham I Am","262 Circle Drive, Ocoee, FL 34761",626-555-1234,,"medicare",28.5673562,-81.56781339999998
"Hanes.com","340 Pleasant Street, Saint Petersburg, FL 33702",,818-555-4321,"employment",27.835107,-82.63306699999998
"Hanks Rootbeer Company","879 Rose Street, Beltsville, MD 20705",626-555-1234,,"thrift stores",39.0348317,-76.90747390000001
"Happy Feet Plus","743 Cemetery Road, Mason, OH 45040",,818-555-4321,"food stamps",39.0051099,-82.05723720000003
"Hard To Find Records","158 5th Street East, Charlotte, NC 28205",626-555-1234,,"financial aid",35.2274265,-80.84130429999999
"Harlan Labs","650 Willow Lane, Bay City, MI 48706",,818-555-4321,"shelters",43.60373389999999,-83.9404419
"Harmening Haus Antiques & Collectibles","132 Oak Lane, Bayside, NY 11361",626-555-1234,,"thrift stores",40.774192,-73.74548879999998
"Harness Designs","181 Somerset Drive, Schenectady, NY 12302",,818-555-4321,"food stamps",42.8507712,-73.96761850000001
"Harper House","510 Elm Street, Ames, IA 50010",626-555-1234,,"medicare",42.0243253,-93.62209840000003
"Harvard Industries","400 Park Street, East Brunswick, NJ 08816",,818-555-4321,"housing help",40.4949646,-74.47496969999997
"Harvest Moon","974 Carriage Drive, Schenectady, NY 12302",626-555-1234,,"thrift stores",42.8649909,-73.959494
"Harvey Racing Engines","430 Brown Street, Garland, TX 75043",,818-555-4321,"social security",33.0172322,-96.53419009999999
"Haseltine Systems Corporation","433 Fairview Road, Jacksonville, NC 28540",626-555-1234,,"medicare",34.8971844,-77.54615369999999
"Hat Shack","333 Linden Street, Morristown, NJ 07960",,818-555-4321,"shelters",40.804266,-74.47606300000001
"Hatcrafters","949 Meadow Street, Lakeville, MN 55044",626-555-1234,,"thrift stores",44.5609107,-93.31393309999999
"Hatter's Shop","401 5th Avenue, Lombard, IL 60148",,818-555-4321,"shelters",41.9365844,-88.01042919999998
"Hawaiian Music Island","505 Main Street East, Caldwell, NJ 07006",626-555-1234,,"financial aid",40.881395,-74.25291900000002
"Headcovers Unlimited","598 Route 10, Oxon Hill, MD 20745",,818-555-4321,"thrift stores",38.8400951,-76.99205860000001
"Health4her","152 Glenwood Drive, Redford, MI 48239",626-555-1234,,"financial aid",42.3944486,-83.29737319999998
"Healthy Legs","617 Park Place, Munster, IN 46321",,818-555-4321,"medicare",41.5576658,-87.5012744
"Hedi's Shoes","299 Canterbury Road, Carlisle, PA 17013",626-555-1234,,"housing help",40.2010241,-77.20027449999998
"Hemlock Vintage Clothing","189 Cherry Street, Suitland, MD 20746",,818-555-4321,"employment",38.8518484,-76.84998619999999
"Herb Spirit","844 Sunset Drive, Staunton, VA 24401",626-555-1234,,"food stamps",38.12215,-79.06044639999999
"Hermosa Design Center","411 Magnolia Court, Pelham, AL 35124",,818-555-4321,"food stamps",33.3471908,-86.84294979999999
"Hickey's Music Center","699 Eagle Street, Owensboro, KY 42301",626-555-1234,,"housing help",37.7766013,-87.15349320000001
"Hip Hop Closet","272 Jackson Street, Westminster, MD 21157",,818-555-4321,"thrift stores",39.6947255,-76.8619974
"Hirst Arts Fantasy Architecture","628 Orchard Lane, Burnsville, MN 55337",626-555-1234,,"shelters",44.753479,-93.32805589999998
"HisRoom","368 2nd Street East, Westmont, IL 60559",,818-555-4321,"employment",41.7942417,-87.9937549
"HLB Technology","638 Cardinal Drive, Tiffin, OH 44883",626-555-1234,,"housing help",41.1144992,-83.17797459999997
"Hockey Depot","246 Valley Road, Melrose, MA 02176",,818-555-4321,"social security",42.4428025,-71.01868150000001
"Hockey One","189 Spruce Street, Providence, RI 02904",626-555-1234,,"medicare",41.82458099999999,-71.43025560000001
"Holding Company","631 Church Street South, Elk River, MN 55330",626-555-1234,,"employment",45.1887486,-93.54747559999998
"Holiday Traditions","927 Atlantic Avenue, Auburn, NY 13021",,818-555-4321,"financial aid",42.9317335,-76.56605289999999
"Home Harvest","168 3rd Street, Medina, OH 44256",626-555-1234,,"thrift stores",41.0231695,-81.71566569999999
"Homegrown Hydroponics Inc.","601 Catherine Street, Stow, OH 44224",,818-555-4321,"social security",42.4160561,-71.51968929999998
"Hometex Products","908 Route 64, Warren, MI 48089",626-555-1234,,"social security",42.464947,-83.00390749999997
"Honey Baked Ham Company","635 Glenwood Avenue, Williamsport, PA 17701",,818-555-4321,"employment",41.2500338,-77.013849
"Hotline Watch Service","424 Forest Avenue, Waukesha, WI 53186",626-555-1234,,"housing help",43.027574,-88.15127689999997
"HotSpot","591 Creekside Drive, Munster, IN 46321",,818-555-4321,"financial aid",41.5644798,-87.51254119999999
"Hour Glass","227 Mill Street, New Windsor, NY 12553",626-555-1234,,"medicare",41.4917322,-74.02075109999998
"House of Wisconsin Cheese","334 Highland Avenue, Charlotte, NC 28205",,818-555-4321,"food stamps",35.1206265,-80.75275799999997
"How To Hydroponics","294 Green Street, Grand Island, NE 68801",626-555-1234,,"food stamps",40.8277493,-98.59993700000001
"Huy Fong Foods","392 Glenwood Drive, Hope Mills, NC 28348",626-555-1234,,"social security",34.9704419,-78.94530559999998
"Hydrotech","638 Main Street North, Pittsfield, MA 01201",,818-555-4321,"social security",42.4732359,-73.1625919
"HYP","475 Chestnut Street, Springboro, OH 45066",626-555-1234,,"financial aid",39.564703,-84.31214979999999
"F&M Enterprises","880 Forest Avenue, Cherry Hill, NJ 08003",,818-555-4321,"financial aid",39.9247151,-74.99637159999997
"Fabric Dot Com","69 Valley Road, Oconomowoc, WI 53066",626-555-1234,,"housing help",43.0775191,-88.48410760000002
"Factory Direct Lens","387 Spruce Street, Tullahoma, TN 37388",,818-555-4321,"employment",35.3560117,-86.2112568
"Falk Culinair","453 Mulberry Lane, Hamtramck, MI 48212",626-555-1234,,"funeral services",42.3433436,-83.08017029999996
"Falmouth Fish Market","73 Victoria Court, Port Saint Lucie, FL 34952",,818-555-4321,"food stamps",27.2932971,-80.28787940000001
"familymeds.com","223 Amherst Street, Mebane, NC 27302",626-555-1234,,"funeral services",36.0959715,-79.26696190000001
"Famous Footwear","434 Route 10, Buffalo, NY 14215",,818-555-4321,"financial aid",42.8948426,-78.8819954
"Famous Fossils","329 Fairview Avenue, Terre Haute, IN 47802",626-555-1234,,"financial aid",39.4952981,-87.43874440000002
"FansEdge","240 Lafayette Street, Cockeysville, MD 21030",,818-555-4321,"funeral services",39.4812172,-76.64385979999997
"FAO Schwarz","809 Depot Street, Valdosta, GA 31601",626-555-1234,,"funeral services",30.8327022,-83.27848510000001
"Far Away Foods","134 Willow Street, Mooresville, NC 28115",,818-555-4321,"social security",35.5809339,-80.83063149999998
"Fashion Bug","985 Lake Street, Atwater, CA 95301",626-555-1234,,"food stamps",37.3423642,-120.57872789999999
"Fencing Post","921 Madison Court, Owosso, MI 48867",,818-555-4321,"financial aid",42.83409839999999,-84.21800789999998
"Ferris","943 12th Street, Fairborn, OH 45324",626-555-1234,,"housing help",39.7815564,-84.08420130000002
"figleaves.com","421 Jefferson Street, Phoenix, AZ 85021",,818-555-4321,"shelters",33.44638,-112.06839739999998
"Filippo Donadoni","377 Spruce Avenue, Derby, KS 67037",626-555-1234,,"financial aid",37.543991,-97.24967629999998
"Fingerhut","79 Glenwood Avenue, Sebastian, FL 32958",,818-555-4321,"financial aid",27.9955387,-82.75665529999998
"Finish Line","873 Delaware Avenue, West Springfield, MA 01089",626-555-1234,,"financial aid",42.1217793,-72.52448329999999
"Finite Technologies Incorporated","624 Grove Avenue, Winter Garden, FL 34787",,818-555-4321,"food stamps",28.5712944,-81.58866030000002
"Fitness Discount Outlet","357 Broadway, Miami Gardens, FL 33056",626-555-1234,,"shelters",25.9974406,-80.17529390000004
"Fitness Factory Outlet","479 Edgewood Road, Latrobe, PA 15650",,818-555-4321,"employment",40.2887208,-79.3590936
"Fitness Outlet","137 Hudson Street, Parkville, MD 21234",626-555-1234,,"funeral services",41.7614777,-72.67700500000001
"Flagship Distributors","420 Orchard Avenue, Haines City, FL 33844",,818-555-4321,"thrift stores",28.0662262,-81.64585119999998
"Flora Pacifica Inc.","727 4th Avenue, Mc Lean, VA 22101",626-555-1234,,"social security",38.875807,-77.10624890000003
"FloridaOrange","689 Laurel Street, Hastings, MN 55033",,818-555-4321,"funeral services",44.7443293,-92.8513706
"Florsheim","904 Pleasant Street, Bolingbrook, IL 60440",626-555-1234,,"employment",41.7042899,-88.01659219999999
"Focus","483 3rd Street, Seattle, WA 98144",,818-555-4321,"shelters",47.60201379999999,-122.33073030000003
"Fomages","167 Evergreen Lane, Erlanger, KY 41018",626-555-1234,,"employment",38.9875681,-84.51969550000001
"Foot Locker","950 Sheffield Drive, Royal Oak, MI 48067",,818-555-4321,"thrift stores",42.5126461,-83.09616249999999
"FootSmart","212 Cedar Avenue, Minot, ND 58701",626-555-1234,,"employment",47.9236116,-100.37363779999998
"Form Systems","666 Belmont Avenue, Mesa, AZ 85203",,818-555-4321,"food stamps",33.4086099,-111.7732494
"Fort Shockley","289 7th Avenue, San Angelo, TX 76901",626-555-1234,,"employment",31.4731595,-100.43561420000003
"Fortunes of War Collectibles","404 Devon Court, Elkhart, IN 46514",,818-555-4321,"social security",41.7204299,-85.98153389999999
"Four Micks Rugby Shirt Club","46 Berkshire Drive, North Andover, MA 01845",626-555-1234,,"employment",42.4351799,-73.2435203
"Fragrancenet","455 4th Street West, Oshkosh, WI 54901",,818-555-4321,"food stamps",44.0140588,-88.54952379999997
"FramesDirect.com","940 Cedar Street, Parkville, MD 21234",626-555-1234,,"funeral services",39.4016663,-76.48218229999998
"Frederick's of Hollywood","767 Shady Lane, New Haven, CT 06511",,818-555-4321,"social security",41.2675954,-72.96940860000001
"Freemans","657 Cedar Avenue, Chattanooga, TN 37421",626-555-1234,,"medicare",34.9975702,-85.18777990000001
"FreshPair","626 Hawthorne Avenue, Elmont, NY 11003",,818-555-4321,"thrift stores",40.7326898,-73.70164110000002
"Fridgedoor.com","735 3rd Street West, Montgomery, AL 36109",626-555-1234,,"medicare",32.3740674,-86.35008419999997
"Friedman's Shoes","128 Broadway, Roanoke Rapids, NC 27870",,818-555-4321,"funeral services",36.1815503,-77.22404080000001
"Friendly Collar","600 Mill Street, Kingston, NY 12401",626-555-1234,,"employment",41.888463,-74.0452105
"FruitOfCourse","543 Laurel Street, Park Forest, IL 60466",,818-555-4321,"financial aid",41.48557650000001,-87.73129
"FS Discount Archery","813 Valley Drive, Valdosta, GA 31601",626-555-1234,,"housing help",30.8320304,-83.28163010000003
"FTD (Floral Transworld Delivery)","101 Fieldstone Drive, Charlottesville, VA 22901",,818-555-4321,"funeral services",38.0079976,-78.53279839999999
"Fun 'n Folly","540 Harrison Street, Midland, MI 48640",626-555-1234,,"shelters",43.6238002,-84.23706440000001
"FurnitureFind.com","801 Hanover Court, Appleton, WI 54911",,818-555-4321,"financial aid",44.2837065,-88.37249299999996
"Futon Shop","484 Church Street, Inman, SC 29349",626-555-1234,,"medicare",35.096768,-82.028708
"Futons Now","667 Spring Street, Burbank, IL 60459",,818-555-4321,"social security",41.7100509,-87.74296170000002
"Eagle Mills","77 Spruce Avenue, Helena, MT 59601",626-555-1234,,"thrift stores",46.55232520000001,-112.17045710000002
"Ear Fashions","663 Clinton Street, Floral Park, NY 11001",,818-555-4321,"financial aid",40.709402,-73.68767600000001
"Earth Footwear","59 Creek Road, Ontario, CA 91762",626-555-1234,,"financial aid",42.4022502,-82.15350409999996
"Eastbay","78 2nd Street West, Rosedale, NY 11422",,818-555-4321,"thrift stores",40.6355688,-73.74070389999997
"Eaton Detroit Springs","230 8th Street South, Wisconsin Rapids, WI 54494",626-555-1234,,"housing help",44.3877262,-89.8171529
"eBags","517 8th Avenue, Caldwell, NJ 07006",,818-555-4321,"shelters",40.8398218,-74.27653659999999
"eBatts.com","390 Church Street North, Middle Village, NY 11379",626-555-1234,,"financial aid",40.7449607,-73.90643009999997
"Eberhard Sports","2 York Road, Deltona, FL 32725",,818-555-4321,"housing help",28.9884972,-81.23194269999999
"Eco Enterprises","466 New Street, Fairfax, VA 22030",626-555-1234,,"thrift stores",37.1335399,-80.54431269999998
"EcoExpress","540 Route 64, Alabaster, AL 35007",,818-555-4321,"housing help",33.2625021,-86.82303639999998
"Ecosphere Associates","330 Mulberry Lane, Gulfport, MS 39503",626-555-1234,,"medicare",30.4163689,-89.03303269999998
"ECS Publishing","951 Warren Avenue, Rock Hill, SC 29730",,818-555-4321,"employment",34.9248667,-81.02507839999998
"eCustom Products","187 Overlook Circle, Lakeville, MN 55044",626-555-1234,,"housing help",41.416928,-75.25851599999999
"Eddie Bauer","777 Canterbury Road, Parkville, MD 21234",,818-555-4321,"employment",39.3727699,-76.55216889999997
"eDressMe","904 Warren Avenue, Westmont, IL 60559",626-555-1234,,"funeral services",41.7957589,-88.00700110000002
"Efootwear","957 Cooper Street, Longwood, FL 32779",,818-555-4321,"thrift stores",28.7150611,-81.41690929999999
"EIG","121 Willow Street, Vernon Hills, IL 60061",626-555-1234,,"financial aid",42.19525000000001,-87.95993399999998
"Eighth Street Music","352 Franklin Street, Nashville, TN 37205",,818-555-4321,"social security",36.0898794,-86.6611092
"Elaine Coyne Galleries","181 9th Street West, Gettysburg, PA 17325",626-555-1234,,"funeral services",39.7835914,-77.37446080000001
"Electronic Express","248 4th Avenue, Uniondale, NY 11553",,818-555-4321,"thrift stores",40.7209533,-73.63245340000003
"Electronic Goldmine","754 Colonial Drive, Sidney, OH 45365",626-555-1234,,"thrift stores",40.2725127,-84.17061569999998
"Electronic Surplus Inc","72 State Street, Peachtree City, GA 30269",,818-555-4321,"social security",33.7526348,-84.3916769
"Electronix Corporation","279 Redwood Drive, Northbrook, IL 60062",626-555-1234,,"funeral services",42.1353496,-87.82846970000003
"Eli's Pocket Watches","13 Schoolhouse Lane, Davison, MI 48423",,818-555-4321,"food stamps",43.0347491,-83.51800630000002
"Elizabeth Lee Designs","825 Orange Street, Cleveland, TN 37312",626-555-1234,,"medicare",35.1274348,-90.01842520000002
"Emperor's Herbologist","847 Lake Avenue, Camden, NJ 08105",,818-555-4321,"shelters",39.913063,-75.10781629999997
"Engert Farms","714 Howard Street, Powder Springs, GA 30127",626-555-1234,,"social security",33.8377866,-84.70390129999998
"Enokiworld","804 Park Drive, San Carlos, CA 94070",,818-555-4321,"social security",37.487466,-122.2519608
"Enviroshop","782 Chapel Street, Manassas, VA 20109",626-555-1234,,"housing help",38.7670745,-77.55105249999997
"EPT Educational Software","910 Main Street, Harleysville, PA 19438",,818-555-4321,"shelters",40.2973766,-75.40929929999999
"eSeeds","555 Summit Street, Floral Park, NY 11001",626-555-1234,,"thrift stores",40.7608028,-73.6761095
"essentialapparel.com","817 Lawrence Street, Old Bridge, NJ 08857",,818-555-4321,"thrift stores",40.4518175,-74.24872870000002
"eToys","556 5th Street South, Zanesville, OH 43701",626-555-1234,,"thrift stores",39.9464047,-82.0059784
"Euro Rail Hobbies & More","721 Hawthorne Lane, Melrose, MA 02176",,818-555-4321,"housing help",42.448498,-71.05065100000002
"European Watch Co.","907 Route 7, Starkville, MS 39759",626-555-1234,,"housing help",33.4556194,-88.78740719999996
"Eva's Creations","786 Fawn Court, Hobart, IN 46342",,818-555-4321,"social security",41.5239211,-87.2417246
"Everybody's Store","918 Elmwood Avenue, Waynesboro, PA 17268",626-555-1234,,"social security",39.755927,-77.57776919999998
"Executive Essentials","542 East Avenue, Roselle, IL 60172",,818-555-4321,"financial aid",41.99295499999999,-88.08033290000003
"Extinctions Fossil Company","997 Sheffield Drive, Flushing, NY 11354",626-555-1234,,"employment",40.6533165,-73.88780170000001
"EyeSave.com","445 Lantern Lane, Ashland, OH 44805",,818-555-4321,"thrift stores",40.8686675,-82.31821780000001
"D & J Sports","551 Willow Drive, Collierville, TN 38017",626-555-1234,,"employment",35.084855,-89.69871
"D.A.M.E. inc.","32 Carriage Drive, Ridgefield, CT 06877",,818-555-4321,"social security",41.358354,-73.48874999999998
"D.E.L.S. Manufacturing","489 Cedar Avenue, Hephzibah, GA 30815",626-555-1234,,"food stamps",33.3189097,-81.9989215
"Daddy-O's","572 Colonial Avenue, Windermere, FL 34786",,818-555-4321,"shelters",28.543457,-81.49913099999998
"dafridge.com inc.","726 5th Street West, Garland, TX 75043",626-555-1234,,"medicare",32.9066158,-96.6367108
"Dance Express","293 Ivy Court, Loveland, OH 45140",,818-555-4321,"social security",39.30695540000001,-84.2635879
"Dance Supplies","46 King Street, Boston, MA 02127",626-555-1234,,"social security",42.293059,-71.05856
"Data Surge","979 Willow Lane, Framingham, MA 01701",,818-555-4321,"thrift stores",42.32377779999999,-71.35917799999999
"Dave Pelz Golf Corporation","200 Edgewood Road, Findlay, OH 45840",626-555-1234,,"thrift stores",41.0501829,-83.684325
"David Morgan","961 Harrison Avenue, Greenwood, SC 29646",,818-555-4321,"food stamps",34.1831793,-82.16334640000002
"Davyne Dial","632 Hillcrest Avenue, Racine, WI 53402",626-555-1234,,"employment",42.7910248,-87.82761599999998
"Deb's Recycled Sewing Patterns","87 Durham Court, Chesapeake, VA 23320",,818-555-4321,"thrift stores",36.759735,-76.28392930000001
"DecorLine.Com","60 Valley Road, Herndon, VA 20170",626-555-1234,,"food stamps",38.9841576,-77.36996859999999
"Del West","77 Sheffield Drive, Cheshire, CT 06410",,818-555-4321,"social security",29.8560238,-95.6469543
"Demarini Sports","200 Ann Street, Lincoln Park, MI 48146",626-555-1234,,"medicare",42.2537707,-83.18312839999999
"Deming Designs Inc.","84 Amherst Street, Wheaton, IL 60187",,818-555-4321,"employment",41.9225455,-88.09548330000001
"Designer Checks","40 Parker Street, Leesburg, VA 20175",626-555-1234,,"social security",39.1101866,-77.55822869999997
"Designer Linens Outlet","124 2nd Street, Colorado Springs, CO 80911",,818-555-4321,"employment",38.7922877,-104.84552780000001
"Designer Shoes","900 14th Street, Lowell, MA 01851",626-555-1234,,"financial aid",47.9991841,-122.21432270000003
"Di Stefano Productions","649 Highland Avenue, Doylestown, PA 18901",,818-555-4321,"financial aid",40.252251,-75.15693799999997
"Di-Bar Company","454 Highland Drive, Lincoln, NE 68506",626-555-1234,,"employment",40.85923930000001,-96.72726610000001
"Digital Nation","826 Mill Road, Severn, MD 21144",,818-555-4321,"social security",39.1289641,-76.69231880000001
"Dillards","153 West Street, Harvey, IL 60426",626-555-1234,,"financial aid",41.61172089999999,-87.6607866
"Dino-Star","33 Sycamore Drive, Fort Washington, MD 20744",,818-555-4321,"financial aid",38.7073379,-77.02303130000001
"Direct Sales","293 5th Street, Hartford, CT 06106",626-555-1234,,"thrift stores",41.68018439999999,-72.75550759999999
"Direct Sports","681 Roberts Road, Lincoln, NE 68506",,818-555-4321,"employment",40.910676,-97.10009839999998
"Discount Cheerleading and Dance","105 Clinton Street, Malvern, PA 19355",626-555-1234,,"housing help",40.0362184,-75.51381179999998
"Discount Stove & Fireplace","129 White Street, Smyrna, GA 30080",,818-555-4321,"social security",33.8307775,-84.48799380000003
"Disk-O-Tape","659 6th Avenue, Parkersburg, WV 26101",626-555-1234,,"employment",39.2521339,-81.57135770000002
"Disney Store","788 Grant Avenue, Ridgecrest, CA 93555",,818-555-4321,"social security",40.6008396,-122.35542959999998
"Display Electronics","488 Briarwood Drive, Farmington, MI 48331",626-555-1234,,"financial aid",42.5132848,-83.41271340000003
"Dog Bowtique","151 Garden Street, Selden, NY 11784",,818-555-4321,"social security",40.8760185,-73.08541709999997
"Dogbedworks","350 Valley View Road, Lancaster, NY 14086",626-555-1234,,"funeral services",40.1035931,-76.07252540000002
"Dolly Duz Inc.","398 Route 64, Coventry, RI 02816",,818-555-4321,"financial aid",41.6962336,-71.59613279999996
"Dominion Blinds","195 Madison Avenue, Lititz, PA 17543",626-555-1234,,"thrift stores",40.1573169,-76.30690140000002
"Double R","690 Jefferson Avenue, Cary, NC 27511",,818-555-4321,"housing help",35.7778956,-78.78403650000001
"Dovetail Woodworks","470 Edgewood Drive, Boynton Beach, FL 33435",626-555-1234,,"employment",26.5254562,-80.05908039999997
"Dowdle Sports","937 Fairview Road, Northbrook, IL 60062",,818-555-4321,"food stamps",42.1498552,-87.88688009999998
"DR Racing Products","45 Hickory Lane, Conyers, GA 30012",626-555-1234,,"medicare",33.693803,-83.915209
